{
  "ABIRoot": {
    "kind": "Root",
    "name": "TopLevel",
    "printedName": "TopLevel",
    "children": [
      {
        "kind": "Import",
        "name": "Foundation",
        "printedName": "Foundation",
        "declKind": "Import",
        "moduleName": "HybridlocSDK",
        "declAttributes": [
          "RawDocComment"
        ]
      },
      {
        "kind": "Import",
        "name": "Foundation",
        "printedName": "Foundation",
        "declKind": "Import",
        "moduleName": "HybridlocSDK",
        "declAttributes": [
          "RawDocComment"
        ]
      },
      {
        "kind": "TypeDecl",
        "name": "HybridlocClient",
        "printedName": "HybridlocClient",
        "children": [
          {
            "kind": "Constructor",
            "name": "init",
            "printedName": "init(clientId:clientSecret:userId:debug:)",
            "children": [
              {
                "kind": "TypeNominal",
                "name": "HybridlocClient",
                "printedName": "HybridlocSDK.HybridlocClient",
                "usr": "s:12HybridlocSDK0A6ClientV"
              },
              {
                "kind": "TypeNominal",
                "name": "String",
                "printedName": "Swift.String",
                "usr": "s:SS"
              },
              {
                "kind": "TypeNominal",
                "name": "String",
                "printedName": "Swift.String",
                "usr": "s:SS"
              },
              {
                "kind": "TypeNominal",
                "name": "String",
                "printedName": "Swift.String",
                "usr": "s:SS"
              },
              {
                "kind": "TypeNominal",
                "name": "Bool",
                "printedName": "Swift.Bool",
                "hasDefaultArg": true,
                "usr": "s:Sb"
              }
            ],
            "declKind": "Constructor",
            "usr": "s:12HybridlocSDK0A6ClientV8clientId0D6Secret04userE05debugACSS_S2SSbtcfc",
            "mangledName": "$s12HybridlocSDK0A6ClientV8clientId0D6Secret04userE05debugACSS_S2SSbtcfc",
            "moduleName": "HybridlocSDK",
            "declAttributes": [
              "AccessControl",
              "RawDocComment"
            ],
            "init_kind": "Designated"
          },
          {
            "kind": "Function",
            "name": "loadKeys",
            "printedName": "loadKeys()",
            "children": [
              {
                "kind": "TypeNominal",
                "name": "Result",
                "printedName": "Swift.Result<(), HybridlocSDK.HybridlocClientError>",
                "children": [
                  {
                    "kind": "TypeNominal",
                    "name": "Void",
                    "printedName": "()"
                  },
                  {
                    "kind": "TypeNominal",
                    "name": "HybridlocClientError",
                    "printedName": "HybridlocSDK.HybridlocClientError",
                    "usr": "s:12HybridlocSDK0A11ClientErrorO"
                  }
                ],
                "usr": "s:s6ResultO"
              }
            ],
            "declKind": "Func",
            "usr": "s:12HybridlocSDK0A6ClientV8loadKeyss6ResultOyytAA0aC5ErrorOGyYaF",
            "mangledName": "$s12HybridlocSDK0A6ClientV8loadKeyss6ResultOyytAA0aC5ErrorOGyYaF",
            "moduleName": "HybridlocSDK",
            "declAttributes": [
              "AccessControl",
              "RawDocComment"
            ],
            "funcSelfKind": "NonMutating"
          },
          {
            "kind": "Function",
            "name": "getKey",
            "printedName": "getKey(deeplink:)",
            "children": [
              {
                "kind": "TypeNominal",
                "name": "Result",
                "printedName": "Swift.Result<Foundation.Data, HybridlocSDK.HybridlocClientError>",
                "children": [
                  {
                    "kind": "TypeNominal",
                    "name": "Data",
                    "printedName": "Foundation.Data",
                    "usr": "s:10Foundation4DataV"
                  },
                  {
                    "kind": "TypeNominal",
                    "name": "HybridlocClientError",
                    "printedName": "HybridlocSDK.HybridlocClientError",
                    "usr": "s:12HybridlocSDK0A11ClientErrorO"
                  }
                ],
                "usr": "s:s6ResultO"
              },
              {
                "kind": "TypeNominal",
                "name": "Data",
                "printedName": "Foundation.Data",
                "usr": "s:10Foundation4DataV"
              }
            ],
            "declKind": "Func",
            "usr": "s:12HybridlocSDK0A6ClientV6getKey8deeplinks6ResultOy10Foundation4DataVAA0aC5ErrorOGAJ_tF",
            "mangledName": "$s12HybridlocSDK0A6ClientV6getKey8deeplinks6ResultOy10Foundation4DataVAA0aC5ErrorOGAJ_tF",
            "moduleName": "HybridlocSDK",
            "declAttributes": [
              "AccessControl",
              "RawDocComment"
            ],
            "funcSelfKind": "NonMutating"
          }
        ],
        "declKind": "Struct",
        "usr": "s:12HybridlocSDK0A6ClientV",
        "mangledName": "$s12HybridlocSDK0A6ClientV",
        "moduleName": "HybridlocSDK",
        "declAttributes": [
          "AccessControl",
          "RawDocComment"
        ]
      },
      {
        "kind": "Import",
        "name": "Foundation",
        "printedName": "Foundation",
        "declKind": "Import",
        "moduleName": "HybridlocSDK",
        "declAttributes": [
          "RawDocComment"
        ]
      },
      {
        "kind": "TypeDecl",
        "name": "HybridlocClientError",
        "printedName": "HybridlocClientError",
        "children": [
          {
            "kind": "Var",
            "name": "authenticationError",
            "printedName": "authenticationError",
            "children": [
              {
                "kind": "TypeFunc",
                "name": "Function",
                "printedName": "(HybridlocSDK.HybridlocClientError.Type) -> (Swift.String) -> HybridlocSDK.HybridlocClientError",
                "children": [
                  {
                    "kind": "TypeFunc",
                    "name": "Function",
                    "printedName": "(Swift.String) -> HybridlocSDK.HybridlocClientError",
                    "children": [
                      {
                        "kind": "TypeNominal",
                        "name": "HybridlocClientError",
                        "printedName": "HybridlocSDK.HybridlocClientError",
                        "usr": "s:12HybridlocSDK0A11ClientErrorO"
                      },
                      {
                        "kind": "TypeNominal",
                        "name": "String",
                        "printedName": "Swift.String",
                        "usr": "s:SS"
                      }
                    ]
                  },
                  {
                    "kind": "TypeNominal",
                    "name": "Metatype",
                    "printedName": "HybridlocSDK.HybridlocClientError.Type",
                    "children": [
                      {
                        "kind": "TypeNominal",
                        "name": "HybridlocClientError",
                        "printedName": "HybridlocSDK.HybridlocClientError",
                        "usr": "s:12HybridlocSDK0A11ClientErrorO"
                      }
                    ]
                  }
                ]
              }
            ],
            "declKind": "EnumElement",
            "usr": "s:12HybridlocSDK0A11ClientErrorO014authenticationD0yACSScACmF",
            "mangledName": "$s12HybridlocSDK0A11ClientErrorO014authenticationD0yACSScACmF",
            "moduleName": "HybridlocSDK"
          },
          {
            "kind": "Var",
            "name": "badRequest",
            "printedName": "badRequest",
            "children": [
              {
                "kind": "TypeFunc",
                "name": "Function",
                "printedName": "(HybridlocSDK.HybridlocClientError.Type) -> (Swift.String) -> HybridlocSDK.HybridlocClientError",
                "children": [
                  {
                    "kind": "TypeFunc",
                    "name": "Function",
                    "printedName": "(Swift.String) -> HybridlocSDK.HybridlocClientError",
                    "children": [
                      {
                        "kind": "TypeNominal",
                        "name": "HybridlocClientError",
                        "printedName": "HybridlocSDK.HybridlocClientError",
                        "usr": "s:12HybridlocSDK0A11ClientErrorO"
                      },
                      {
                        "kind": "TypeNominal",
                        "name": "String",
                        "printedName": "Swift.String",
                        "usr": "s:SS"
                      }
                    ]
                  },
                  {
                    "kind": "TypeNominal",
                    "name": "Metatype",
                    "printedName": "HybridlocSDK.HybridlocClientError.Type",
                    "children": [
                      {
                        "kind": "TypeNominal",
                        "name": "HybridlocClientError",
                        "printedName": "HybridlocSDK.HybridlocClientError",
                        "usr": "s:12HybridlocSDK0A11ClientErrorO"
                      }
                    ]
                  }
                ]
              }
            ],
            "declKind": "EnumElement",
            "usr": "s:12HybridlocSDK0A11ClientErrorO10badRequestyACSScACmF",
            "mangledName": "$s12HybridlocSDK0A11ClientErrorO10badRequestyACSScACmF",
            "moduleName": "HybridlocSDK"
          },
          {
            "kind": "Var",
            "name": "digitalKeysServiceError",
            "printedName": "digitalKeysServiceError",
            "children": [
              {
                "kind": "TypeFunc",
                "name": "Function",
                "printedName": "(HybridlocSDK.HybridlocClientError.Type) -> (Swift.Error) -> HybridlocSDK.HybridlocClientError",
                "children": [
                  {
                    "kind": "TypeFunc",
                    "name": "Function",
                    "printedName": "(Swift.Error) -> HybridlocSDK.HybridlocClientError",
                    "children": [
                      {
                        "kind": "TypeNominal",
                        "name": "HybridlocClientError",
                        "printedName": "HybridlocSDK.HybridlocClientError",
                        "usr": "s:12HybridlocSDK0A11ClientErrorO"
                      },
                      {
                        "kind": "TypeNominal",
                        "name": "Error",
                        "printedName": "Swift.Error",
                        "usr": "s:s5ErrorP"
                      }
                    ]
                  },
                  {
                    "kind": "TypeNominal",
                    "name": "Metatype",
                    "printedName": "HybridlocSDK.HybridlocClientError.Type",
                    "children": [
                      {
                        "kind": "TypeNominal",
                        "name": "HybridlocClientError",
                        "printedName": "HybridlocSDK.HybridlocClientError",
                        "usr": "s:12HybridlocSDK0A11ClientErrorO"
                      }
                    ]
                  }
                ]
              }
            ],
            "declKind": "EnumElement",
            "usr": "s:12HybridlocSDK0A11ClientErrorO018digitalKeysServiceD0yACs0D0_pcACmF",
            "mangledName": "$s12HybridlocSDK0A11ClientErrorO018digitalKeysServiceD0yACs0D0_pcACmF",
            "moduleName": "HybridlocSDK"
          },
          {
            "kind": "Var",
            "name": "unknownError",
            "printedName": "unknownError",
            "children": [
              {
                "kind": "TypeFunc",
                "name": "Function",
                "printedName": "(HybridlocSDK.HybridlocClientError.Type) -> (Swift.String) -> HybridlocSDK.HybridlocClientError",
                "children": [
                  {
                    "kind": "TypeFunc",
                    "name": "Function",
                    "printedName": "(Swift.String) -> HybridlocSDK.HybridlocClientError",
                    "children": [
                      {
                        "kind": "TypeNominal",
                        "name": "HybridlocClientError",
                        "printedName": "HybridlocSDK.HybridlocClientError",
                        "usr": "s:12HybridlocSDK0A11ClientErrorO"
                      },
                      {
                        "kind": "TypeNominal",
                        "name": "String",
                        "printedName": "Swift.String",
                        "usr": "s:SS"
                      }
                    ]
                  },
                  {
                    "kind": "TypeNominal",
                    "name": "Metatype",
                    "printedName": "HybridlocSDK.HybridlocClientError.Type",
                    "children": [
                      {
                        "kind": "TypeNominal",
                        "name": "HybridlocClientError",
                        "printedName": "HybridlocSDK.HybridlocClientError",
                        "usr": "s:12HybridlocSDK0A11ClientErrorO"
                      }
                    ]
                  }
                ]
              }
            ],
            "declKind": "EnumElement",
            "usr": "s:12HybridlocSDK0A11ClientErrorO07unknownD0yACSScACmF",
            "mangledName": "$s12HybridlocSDK0A11ClientErrorO07unknownD0yACSScACmF",
            "moduleName": "HybridlocSDK"
          },
          {
            "kind": "Var",
            "name": "invalidDeeplink",
            "printedName": "invalidDeeplink",
            "children": [
              {
                "kind": "TypeFunc",
                "name": "Function",
                "printedName": "(HybridlocSDK.HybridlocClientError.Type) -> (Swift.String) -> HybridlocSDK.HybridlocClientError",
                "children": [
                  {
                    "kind": "TypeFunc",
                    "name": "Function",
                    "printedName": "(Swift.String) -> HybridlocSDK.HybridlocClientError",
                    "children": [
                      {
                        "kind": "TypeNominal",
                        "name": "HybridlocClientError",
                        "printedName": "HybridlocSDK.HybridlocClientError",
                        "usr": "s:12HybridlocSDK0A11ClientErrorO"
                      },
                      {
                        "kind": "TypeNominal",
                        "name": "String",
                        "printedName": "Swift.String",
                        "usr": "s:SS"
                      }
                    ]
                  },
                  {
                    "kind": "TypeNominal",
                    "name": "Metatype",
                    "printedName": "HybridlocSDK.HybridlocClientError.Type",
                    "children": [
                      {
                        "kind": "TypeNominal",
                        "name": "HybridlocClientError",
                        "printedName": "HybridlocSDK.HybridlocClientError",
                        "usr": "s:12HybridlocSDK0A11ClientErrorO"
                      }
                    ]
                  }
                ]
              }
            ],
            "declKind": "EnumElement",
            "usr": "s:12HybridlocSDK0A11ClientErrorO15invalidDeeplinkyACSScACmF",
            "mangledName": "$s12HybridlocSDK0A11ClientErrorO15invalidDeeplinkyACSScACmF",
            "moduleName": "HybridlocSDK"
          },
          {
            "kind": "Var",
            "name": "encryptionError",
            "printedName": "encryptionError",
            "children": [
              {
                "kind": "TypeFunc",
                "name": "Function",
                "printedName": "(HybridlocSDK.HybridlocClientError.Type) -> (Swift.String) -> HybridlocSDK.HybridlocClientError",
                "children": [
                  {
                    "kind": "TypeFunc",
                    "name": "Function",
                    "printedName": "(Swift.String) -> HybridlocSDK.HybridlocClientError",
                    "children": [
                      {
                        "kind": "TypeNominal",
                        "name": "HybridlocClientError",
                        "printedName": "HybridlocSDK.HybridlocClientError",
                        "usr": "s:12HybridlocSDK0A11ClientErrorO"
                      },
                      {
                        "kind": "TypeNominal",
                        "name": "String",
                        "printedName": "Swift.String",
                        "usr": "s:SS"
                      }
                    ]
                  },
                  {
                    "kind": "TypeNominal",
                    "name": "Metatype",
                    "printedName": "HybridlocSDK.HybridlocClientError.Type",
                    "children": [
                      {
                        "kind": "TypeNominal",
                        "name": "HybridlocClientError",
                        "printedName": "HybridlocSDK.HybridlocClientError",
                        "usr": "s:12HybridlocSDK0A11ClientErrorO"
                      }
                    ]
                  }
                ]
              }
            ],
            "declKind": "EnumElement",
            "usr": "s:12HybridlocSDK0A11ClientErrorO010encryptionD0yACSScACmF",
            "mangledName": "$s12HybridlocSDK0A11ClientErrorO010encryptionD0yACSScACmF",
            "moduleName": "HybridlocSDK"
          },
          {
            "kind": "Var",
            "name": "expiredKeys",
            "printedName": "expiredKeys",
            "children": [
              {
                "kind": "TypeFunc",
                "name": "Function",
                "printedName": "(HybridlocSDK.HybridlocClientError.Type) -> (Swift.String) -> HybridlocSDK.HybridlocClientError",
                "children": [
                  {
                    "kind": "TypeFunc",
                    "name": "Function",
                    "printedName": "(Swift.String) -> HybridlocSDK.HybridlocClientError",
                    "children": [
                      {
                        "kind": "TypeNominal",
                        "name": "HybridlocClientError",
                        "printedName": "HybridlocSDK.HybridlocClientError",
                        "usr": "s:12HybridlocSDK0A11ClientErrorO"
                      },
                      {
                        "kind": "TypeNominal",
                        "name": "String",
                        "printedName": "Swift.String",
                        "usr": "s:SS"
                      }
                    ]
                  },
                  {
                    "kind": "TypeNominal",
                    "name": "Metatype",
                    "printedName": "HybridlocSDK.HybridlocClientError.Type",
                    "children": [
                      {
                        "kind": "TypeNominal",
                        "name": "HybridlocClientError",
                        "printedName": "HybridlocSDK.HybridlocClientError",
                        "usr": "s:12HybridlocSDK0A11ClientErrorO"
                      }
                    ]
                  }
                ]
              }
            ],
            "declKind": "EnumElement",
            "usr": "s:12HybridlocSDK0A11ClientErrorO11expiredKeysyACSScACmF",
            "mangledName": "$s12HybridlocSDK0A11ClientErrorO11expiredKeysyACSScACmF",
            "moduleName": "HybridlocSDK"
          },
          {
            "kind": "Var",
            "name": "noKeyForShopId",
            "printedName": "noKeyForShopId",
            "children": [
              {
                "kind": "TypeFunc",
                "name": "Function",
                "printedName": "(HybridlocSDK.HybridlocClientError.Type) -> HybridlocSDK.HybridlocClientError",
                "children": [
                  {
                    "kind": "TypeNominal",
                    "name": "HybridlocClientError",
                    "printedName": "HybridlocSDK.HybridlocClientError",
                    "usr": "s:12HybridlocSDK0A11ClientErrorO"
                  },
                  {
                    "kind": "TypeNominal",
                    "name": "Metatype",
                    "printedName": "HybridlocSDK.HybridlocClientError.Type",
                    "children": [
                      {
                        "kind": "TypeNominal",
                        "name": "HybridlocClientError",
                        "printedName": "HybridlocSDK.HybridlocClientError",
                        "usr": "s:12HybridlocSDK0A11ClientErrorO"
                      }
                    ]
                  }
                ]
              }
            ],
            "declKind": "EnumElement",
            "usr": "s:12HybridlocSDK0A11ClientErrorO14noKeyForShopIdyA2CmF",
            "mangledName": "$s12HybridlocSDK0A11ClientErrorO14noKeyForShopIdyA2CmF",
            "moduleName": "HybridlocSDK"
          }
        ],
        "declKind": "Enum",
        "usr": "s:12HybridlocSDK0A11ClientErrorO",
        "mangledName": "$s12HybridlocSDK0A11ClientErrorO",
        "moduleName": "HybridlocSDK",
        "declAttributes": [
          "AccessControl",
          "RawDocComment"
        ],
        "conformances": [
          {
            "kind": "Conformance",
            "name": "Error",
            "printedName": "Error",
            "usr": "s:s5ErrorP",
            "mangledName": "$ss5ErrorP"
          },
          {
            "kind": "Conformance",
            "name": "Sendable",
            "printedName": "Sendable",
            "usr": "s:s8SendableP",
            "mangledName": "$ss8SendableP"
          }
        ]
      },
      {
        "kind": "Import",
        "name": "Foundation",
        "printedName": "Foundation",
        "declKind": "Import",
        "moduleName": "HybridlocSDK",
        "declAttributes": [
          "RawDocComment"
        ]
      },
      {
        "kind": "Import",
        "name": "CommonCrypto",
        "printedName": "CommonCrypto",
        "declKind": "Import",
        "moduleName": "HybridlocSDK",
        "declAttributes": [
          "RawDocComment"
        ]
      },
      {
        "kind": "Import",
        "name": "Foundation",
        "printedName": "Foundation",
        "declKind": "Import",
        "moduleName": "HybridlocSDK",
        "declAttributes": [
          "RawDocComment"
        ]
      },
      {
        "kind": "Import",
        "name": "Foundation",
        "printedName": "Foundation",
        "declKind": "Import",
        "moduleName": "HybridlocSDK",
        "declAttributes": [
          "RawDocComment"
        ]
      },
      {
        "kind": "Import",
        "name": "Foundation",
        "printedName": "Foundation",
        "declKind": "Import",
        "moduleName": "HybridlocSDK",
        "declAttributes": [
          "RawDocComment"
        ]
      }
    ],
    "json_format_version": 8
  },
  "ConstValues": [
    {
      "filePath": "\/Users\/hetzner\/buildAgent\/work\/81778e30852256d6\/HybridlocSDK\/Sources\/Util\/Data+Extension.swift",
      "kind": "BooleanLiteral",
      "offset": 456,
      "length": 4,
      "value": "true"
    },
    {
      "filePath": "\/Users\/hetzner\/buildAgent\/work\/81778e30852256d6\/HybridlocSDK\/Sources\/Util\/Data+Extension.swift",
      "kind": "StringLiteral",
      "offset": 507,
      "length": 8,
      "value": "\"%02hhX\""
    },
    {
      "filePath": "\/Users\/hetzner\/buildAgent\/work\/81778e30852256d6\/HybridlocSDK\/Sources\/Util\/Data+Extension.swift",
      "kind": "StringLiteral",
      "offset": 518,
      "length": 8,
      "value": "\"%02hhx\""
    },
    {
      "filePath": "\/Users\/hetzner\/buildAgent\/work\/81778e30852256d6\/HybridlocSDK\/Sources\/Local\/KeychainManager\/WKeyChainManager+DigitalKeysStorageType.swift",
      "kind": "StringLiteral",
      "offset": 373,
      "length": 19,
      "value": "\"available_keydata\""
    },
    {
      "filePath": "\/Users\/hetzner\/buildAgent\/work\/81778e30852256d6\/HybridlocSDK\/Sources\/Main\/HybridlocClient.swift",
      "kind": "StringLiteral",
      "offset": 566,
      "length": 30,
      "value": "\"wanzl:\/\/trolley\/digitallock\/\""
    },
    {
      "filePath": "\/Users\/hetzner\/buildAgent\/work\/81778e30852256d6\/HybridlocSDK\/Sources\/Main\/HybridlocClient.swift",
      "kind": "StringLiteral",
      "offset": 677,
      "length": 4,
      "value": "\"v1\""
    },
    {
      "filePath": "\/Users\/hetzner\/buildAgent\/work\/81778e30852256d6\/HybridlocSDK\/Sources\/Main\/HybridlocClient.swift",
      "kind": "StringLiteral",
      "offset": 918,
      "length": 3,
      "value": "\"\/\""
    },
    {
      "filePath": "\/Users\/hetzner\/buildAgent\/work\/81778e30852256d6\/HybridlocSDK\/Sources\/Main\/HybridlocClient.swift",
      "kind": "BooleanLiteral",
      "offset": 1032,
      "length": 5,
      "value": "false"
    },
    {
      "filePath": "\/Users\/hetzner\/buildAgent\/work\/81778e30852256d6\/HybridlocSDK\/Sources\/Main\/HybridlocClient.swift",
      "kind": "StringLiteral",
      "offset": 1337,
      "length": 2,
      "value": "\"\""
    },
    {
      "filePath": "\/Users\/hetzner\/buildAgent\/work\/81778e30852256d6\/HybridlocSDK\/Sources\/Main\/HybridlocClient.swift",
      "kind": "BooleanLiteral",
      "offset": 1826,
      "length": 5,
      "value": "false"
    },
    {
      "filePath": "\/Users\/hetzner\/buildAgent\/work\/81778e30852256d6\/HybridlocSDK\/Sources\/Main\/HybridlocClient.swift",
      "kind": "StringLiteral",
      "offset": 2052,
      "length": 29,
      "value": "\"Initialized HybridlocClient\""
    },
    {
      "filePath": "\/Users\/hetzner\/buildAgent\/work\/81778e30852256d6\/HybridlocSDK\/Sources\/Main\/HybridlocClient.swift",
      "kind": "BooleanLiteral",
      "offset": 2599,
      "length": 5,
      "value": "false"
    },
    {
      "filePath": "\/Users\/hetzner\/buildAgent\/work\/81778e30852256d6\/HybridlocSDK\/Sources\/Main\/HybridlocClient.swift",
      "kind": "StringLiteral",
      "offset": 2975,
      "length": 20,
      "value": "\"client_credentials\""
    },
    {
      "filePath": "\/Users\/hetzner\/buildAgent\/work\/81778e30852256d6\/HybridlocSDK\/Sources\/Main\/HybridlocClient.swift",
      "kind": "StringLiteral",
      "offset": 3020,
      "length": 51,
      "value": "\"https:\/\/wanzldd.onmicrosoft.com\/dlapidev\/.default\""
    },
    {
      "filePath": "\/Users\/hetzner\/buildAgent\/work\/81778e30852256d6\/HybridlocSDK\/Sources\/Main\/HybridlocClient.swift",
      "kind": "StringLiteral",
      "offset": 3097,
      "length": 53,
      "value": "\"https:\/\/digital-lock-web-app.azurewebsites.net\/api\/\""
    },
    {
      "filePath": "\/Users\/hetzner\/buildAgent\/work\/81778e30852256d6\/HybridlocSDK\/Sources\/Main\/HybridlocClient.swift",
      "kind": "StringLiteral",
      "offset": 3831,
      "length": 28,
      "value": "\"Successfully authenticated\""
    },
    {
      "filePath": "\/Users\/hetzner\/buildAgent\/work\/81778e30852256d6\/HybridlocSDK\/Sources\/Main\/HybridlocClient.swift",
      "kind": "StringLiteral",
      "offset": 4206,
      "length": 28,
      "value": "\"Successfully received keys\""
    },
    {
      "filePath": "\/Users\/hetzner\/buildAgent\/work\/81778e30852256d6\/HybridlocSDK\/Sources\/Main\/HybridlocClient.swift",
      "kind": "StringLiteral",
      "offset": 4409,
      "length": 20,
      "value": "\"Saved keys locally\""
    },
    {
      "filePath": "\/Users\/hetzner\/buildAgent\/work\/81778e30852256d6\/HybridlocSDK\/Sources\/Main\/HybridlocClient.swift",
      "kind": "StringLiteral",
      "offset": 4542,
      "length": 30,
      "value": "\"Unable to store keys locally\""
    },
    {
      "filePath": "\/Users\/hetzner\/buildAgent\/work\/81778e30852256d6\/HybridlocSDK\/Sources\/Main\/HybridlocClient.swift",
      "kind": "StringLiteral",
      "offset": 4736,
      "length": 32,
      "value": "\"Unable to get keys from remote\""
    },
    {
      "filePath": "\/Users\/hetzner\/buildAgent\/work\/81778e30852256d6\/HybridlocSDK\/Sources\/Main\/HybridlocClient.swift",
      "kind": "StringLiteral",
      "offset": 4834,
      "length": 32,
      "value": "\"Unable to get keys from remote\""
    },
    {
      "filePath": "\/Users\/hetzner\/buildAgent\/work\/81778e30852256d6\/HybridlocSDK\/Sources\/Main\/HybridlocClient.swift",
      "kind": "StringLiteral",
      "offset": 4930,
      "length": 23,
      "value": "\"Failed authenticating\""
    },
    {
      "filePath": "\/Users\/hetzner\/buildAgent\/work\/81778e30852256d6\/HybridlocSDK\/Sources\/Main\/HybridlocClient.swift",
      "kind": "StringLiteral",
      "offset": 5024,
      "length": 24,
      "value": "\"Unable to authenticate\""
    },
    {
      "filePath": "\/Users\/hetzner\/buildAgent\/work\/81778e30852256d6\/HybridlocSDK\/Sources\/Main\/HybridlocClient.swift",
      "kind": "StringLiteral",
      "offset": 5674,
      "length": 19,
      "value": "\"invalid deep link\""
    },
    {
      "filePath": "\/Users\/hetzner\/buildAgent\/work\/81778e30852256d6\/HybridlocSDK\/Sources\/Main\/HybridlocClient.swift",
      "kind": "StringLiteral",
      "offset": 5740,
      "length": 19,
      "value": "\"Invalid deep link\""
    },
    {
      "filePath": "\/Users\/hetzner\/buildAgent\/work\/81778e30852256d6\/HybridlocSDK\/Sources\/Main\/HybridlocClient.swift",
      "kind": "StringLiteral",
      "offset": 6090,
      "length": 31,
      "value": "\"No valid key for this shop ID\""
    },
    {
      "filePath": "\/Users\/hetzner\/buildAgent\/work\/81778e30852256d6\/HybridlocSDK\/Sources\/Main\/HybridlocClient.swift",
      "kind": "StringLiteral",
      "offset": 6570,
      "length": 6,
      "value": "\" .en\""
    },
    {
      "filePath": "\/Users\/hetzner\/buildAgent\/work\/81778e30852256d6\/HybridlocSDK\/Sources\/Main\/HybridlocClient.swift",
      "kind": "StringLiteral",
      "offset": 6691,
      "length": 16,
      "value": "\"getKey success\""
    },
    {
      "filePath": "\/Users\/hetzner\/buildAgent\/work\/81778e30852256d6\/HybridlocSDK\/Sources\/Main\/HybridlocClient.swift",
      "kind": "StringLiteral",
      "offset": 6855,
      "length": 18,
      "value": "\"Encryption error\""
    },
    {
      "filePath": "\/Users\/hetzner\/buildAgent\/work\/81778e30852256d6\/HybridlocSDK\/Sources\/Main\/HybridlocClient.swift",
      "kind": "StringLiteral",
      "offset": 6924,
      "length": 18,
      "value": "\"Encryption error\""
    },
    {
      "filePath": "\/Users\/hetzner\/buildAgent\/work\/81778e30852256d6\/HybridlocSDK\/Sources\/Main\/HybridlocClient.swift",
      "kind": "StringLiteral",
      "offset": 7014,
      "length": 27,
      "value": "\"Digital key service error\""
    },
    {
      "filePath": "\/Users\/hetzner\/buildAgent\/work\/81778e30852256d6\/HybridlocSDK\/Sources\/Main\/HybridlocClient.swift",
      "kind": "IntegerLiteral",
      "offset": 7645,
      "length": 1,
      "value": "1"
    },
    {
      "filePath": "\/Users\/hetzner\/buildAgent\/work\/81778e30852256d6\/HybridlocSDK\/Sources\/Main\/HybridlocClient.swift",
      "kind": "StringLiteral",
      "offset": 7729,
      "length": 3,
      "value": "\"\/\""
    },
    {
      "filePath": "\/Users\/hetzner\/buildAgent\/work\/81778e30852256d6\/HybridlocSDK\/Sources\/Main\/HybridlocClient.swift",
      "kind": "IntegerLiteral",
      "offset": 7802,
      "length": 1,
      "value": "0"
    },
    {
      "filePath": "\/Users\/hetzner\/buildAgent\/work\/81778e30852256d6\/HybridlocSDK\/Sources\/Main\/HybridlocClient.swift",
      "kind": "IntegerLiteral",
      "offset": 7855,
      "length": 1,
      "value": "1"
    },
    {
      "filePath": "\/Users\/hetzner\/buildAgent\/work\/81778e30852256d6\/HybridlocSDK\/Sources\/Main\/HybridlocClient.swift",
      "kind": "StringLiteral",
      "offset": 7966,
      "length": 31,
      "value": "\"\""
    },
    {
      "filePath": "\/Users\/hetzner\/buildAgent\/work\/81778e30852256d6\/HybridlocSDK\/Sources\/Main\/HybridlocClient.swift",
      "kind": "StringLiteral",
      "offset": 7980,
      "length": 1,
      "value": "\"{30:\""
    },
    {
      "filePath": "\/Users\/hetzner\/buildAgent\/work\/81778e30852256d6\/HybridlocSDK\/Sources\/Main\/HybridlocClient.swift",
      "kind": "StringLiteral",
      "offset": 7995,
      "length": 1,
      "value": "\"}\""
    },
    {
      "filePath": "\/Users\/hetzner\/buildAgent\/work\/81778e30852256d6\/HybridlocSDK\/Sources\/Local\/KeychainManager\/WKeyChainManager.swift",
      "kind": "BooleanLiteral",
      "offset": 1760,
      "length": 4,
      "value": "true"
    },
    {
      "filePath": "\/Users\/hetzner\/buildAgent\/work\/81778e30852256d6\/HybridlocSDK\/Sources\/Local\/KeychainManager\/WKeyChainManager.swift",
      "kind": "BooleanLiteral",
      "offset": 2426,
      "length": 4,
      "value": "true"
    },
    {
      "filePath": "\/Users\/hetzner\/buildAgent\/work\/81778e30852256d6\/HybridlocSDK\/Sources\/Local\/KeychainManager\/WKeyChainManager.swift",
      "kind": "BooleanLiteral",
      "offset": 2470,
      "length": 4,
      "value": "true"
    },
    {
      "filePath": "\/Users\/hetzner\/buildAgent\/work\/81778e30852256d6\/HybridlocSDK\/Sources\/Encryption\/WanzlNFCCoder.swift",
      "kind": "Array",
      "offset": 852,
      "length": 48,
      "value": "[0, 0, 0, 0, 0, 0, 0, 0, 0, 0, 0, 0, 0, 0, 0, 0]"
    },
    {
      "filePath": "\/Users\/hetzner\/buildAgent\/work\/81778e30852256d6\/HybridlocSDK\/Sources\/Encryption\/WanzlNFCCoder.swift",
      "kind": "IntegerLiteral",
      "offset": 1069,
      "length": 1,
      "value": "0"
    },
    {
      "filePath": "\/Users\/hetzner\/buildAgent\/work\/81778e30852256d6\/HybridlocSDK\/Sources\/Encryption\/WanzlNFCCoder.swift",
      "kind": "IntegerLiteral",
      "offset": 1114,
      "length": 1,
      "value": "0"
    },
    {
      "filePath": "\/Users\/hetzner\/buildAgent\/work\/81778e30852256d6\/HybridlocSDK\/Sources\/Remote\/Models\/WKeyData.swift",
      "kind": "Dictionary",
      "offset": 489,
      "length": 3,
      "value": "[]"
    },
    {
      "filePath": "\/Users\/hetzner\/buildAgent\/work\/81778e30852256d6\/HybridlocSDK\/Sources\/Remote\/Models\/WKeyData.swift",
      "kind": "StringLiteral",
      "offset": 517,
      "length": 2,
      "value": "\"\""
    },
    {
      "filePath": "\/Users\/hetzner\/buildAgent\/work\/81778e30852256d6\/HybridlocSDK\/Sources\/Remote\/WanzlDigitalLockApiClient.swift",
      "kind": "StringLiteral",
      "offset": 785,
      "length": 81,
      "value": "\"https:\/\/wanzldd.b2clogin.com\/wanzldd.onmicrosoft.com\/B2C_1_SI\/oauth2\/v2.0\/token\""
    },
    {
      "filePath": "\/Users\/hetzner\/buildAgent\/work\/81778e30852256d6\/HybridlocSDK\/Sources\/Remote\/WanzlDigitalLockApiClient.swift",
      "kind": "StringLiteral",
      "offset": 947,
      "length": 53,
      "value": "\"https:\/\/digital-lock-web-app.azurewebsites.net\/api\/\""
    },
    {
      "filePath": "\/Users\/hetzner\/buildAgent\/work\/81778e30852256d6\/HybridlocSDK\/Sources\/Remote\/WanzlDigitalLockApiClient.swift",
      "kind": "StringLiteral",
      "offset": 1055,
      "length": 51,
      "value": "\"https:\/\/wanzldd.onmicrosoft.com\/dlapidev\/.default\""
    },
    {
      "filePath": "\/Users\/hetzner\/buildAgent\/work\/81778e30852256d6\/HybridlocSDK\/Sources\/Remote\/WanzlDigitalLockApiClient.swift",
      "kind": "StringLiteral",
      "offset": 1168,
      "length": 20,
      "value": "\"client_credentials\""
    },
    {
      "filePath": "\/Users\/hetzner\/buildAgent\/work\/81778e30852256d6\/HybridlocSDK\/Sources\/Remote\/WanzlDigitalLockApiClient.swift",
      "kind": "StringLiteral",
      "offset": 1345,
      "length": 2,
      "value": "\"\""
    },
    {
      "filePath": "\/Users\/hetzner\/buildAgent\/work\/81778e30852256d6\/HybridlocSDK\/Sources\/Remote\/WanzlDigitalLockApiClient.swift",
      "kind": "StringLiteral",
      "offset": 1400,
      "length": 2,
      "value": "\"\""
    },
    {
      "filePath": "\/Users\/hetzner\/buildAgent\/work\/81778e30852256d6\/HybridlocSDK\/Sources\/Remote\/WanzlDigitalLockApiClient.swift",
      "kind": "StringLiteral",
      "offset": 1447,
      "length": 2,
      "value": "\"\""
    },
    {
      "filePath": "\/Users\/hetzner\/buildAgent\/work\/81778e30852256d6\/HybridlocSDK\/Sources\/Remote\/WanzlDigitalLockApiClient.swift",
      "kind": "StringLiteral",
      "offset": 1490,
      "length": 2,
      "value": "\"\""
    },
    {
      "filePath": "\/Users\/hetzner\/buildAgent\/work\/81778e30852256d6\/HybridlocSDK\/Sources\/Remote\/WanzlDigitalLockApiClient.swift",
      "kind": "StringLiteral",
      "offset": 2453,
      "length": 2,
      "value": "\"\""
    },
    {
      "filePath": "\/Users\/hetzner\/buildAgent\/work\/81778e30852256d6\/HybridlocSDK\/Sources\/Remote\/WanzlDigitalLockApiClient.swift",
      "kind": "IntegerLiteral",
      "offset": 2864,
      "length": 3,
      "value": "400"
    },
    {
      "filePath": "\/Users\/hetzner\/buildAgent\/work\/81778e30852256d6\/HybridlocSDK\/Sources\/Remote\/WanzlDigitalLockApiClient.swift",
      "kind": "StringLiteral",
      "offset": 2918,
      "length": 2,
      "value": "\"\""
    },
    {
      "filePath": "\/Users\/hetzner\/buildAgent\/work\/81778e30852256d6\/HybridlocSDK\/Sources\/Remote\/WanzlDigitalLockApiClient.swift",
      "kind": "IntegerLiteral",
      "offset": 2973,
      "length": 3,
      "value": "500"
    },
    {
      "filePath": "\/Users\/hetzner\/buildAgent\/work\/81778e30852256d6\/HybridlocSDK\/Sources\/Remote\/WanzlDigitalLockApiClient.swift",
      "kind": "StringLiteral",
      "offset": 3036,
      "length": 2,
      "value": "\"\""
    },
    {
      "filePath": "\/Users\/hetzner\/buildAgent\/work\/81778e30852256d6\/HybridlocSDK\/Sources\/Remote\/WanzlDigitalLockApiClient.swift",
      "kind": "IntegerLiteral",
      "offset": 3091,
      "length": 3,
      "value": "401"
    },
    {
      "filePath": "\/Users\/hetzner\/buildAgent\/work\/81778e30852256d6\/HybridlocSDK\/Sources\/Remote\/WanzlDigitalLockApiClient.swift",
      "kind": "StringLiteral",
      "offset": 3147,
      "length": 2,
      "value": "\"\""
    },
    {
      "filePath": "\/Users\/hetzner\/buildAgent\/work\/81778e30852256d6\/HybridlocSDK\/Sources\/Remote\/WanzlDigitalLockApiClient.swift",
      "kind": "StringLiteral",
      "offset": 3551,
      "length": 2,
      "value": "\"\""
    },
    {
      "filePath": "\/Users\/hetzner\/buildAgent\/work\/81778e30852256d6\/HybridlocSDK\/Sources\/Remote\/WanzlDigitalLockApiClient.swift",
      "kind": "StringLiteral",
      "offset": 3609,
      "length": 9,
      "value": "\"Bearer \""
    },
    {
      "filePath": "\/Users\/hetzner\/buildAgent\/work\/81778e30852256d6\/HybridlocSDK\/Sources\/Remote\/WanzlDigitalLockApiClient.swift",
      "kind": "StringLiteral",
      "offset": 4099,
      "length": 2,
      "value": "\"\""
    },
    {
      "filePath": "\/Users\/hetzner\/buildAgent\/work\/81778e30852256d6\/HybridlocSDK\/Sources\/Remote\/WanzlDigitalLockApiClient.swift",
      "kind": "StringLiteral",
      "offset": 4296,
      "length": 15,
      "value": "\"authorization\""
    },
    {
      "filePath": "\/Users\/hetzner\/buildAgent\/work\/81778e30852256d6\/HybridlocSDK\/Sources\/Remote\/WanzlDigitalLockApiClient.swift",
      "kind": "StringLiteral",
      "offset": 4380,
      "length": 18,
      "value": "\"application\/json\""
    },
    {
      "filePath": "\/Users\/hetzner\/buildAgent\/work\/81778e30852256d6\/HybridlocSDK\/Sources\/Remote\/WanzlDigitalLockApiClient.swift",
      "kind": "StringLiteral",
      "offset": 4420,
      "length": 8,
      "value": "\"accept\""
    },
    {
      "filePath": "\/Users\/hetzner\/buildAgent\/work\/81778e30852256d6\/HybridlocSDK\/Sources\/Remote\/WanzlDigitalLockApiClient.swift",
      "kind": "IntegerLiteral",
      "offset": 4781,
      "length": 3,
      "value": "400"
    },
    {
      "filePath": "\/Users\/hetzner\/buildAgent\/work\/81778e30852256d6\/HybridlocSDK\/Sources\/Remote\/WanzlDigitalLockApiClient.swift",
      "kind": "StringLiteral",
      "offset": 4835,
      "length": 2,
      "value": "\"\""
    },
    {
      "filePath": "\/Users\/hetzner\/buildAgent\/work\/81778e30852256d6\/HybridlocSDK\/Sources\/Remote\/WanzlDigitalLockApiClient.swift",
      "kind": "IntegerLiteral",
      "offset": 4890,
      "length": 3,
      "value": "500"
    },
    {
      "filePath": "\/Users\/hetzner\/buildAgent\/work\/81778e30852256d6\/HybridlocSDK\/Sources\/Remote\/WanzlDigitalLockApiClient.swift",
      "kind": "StringLiteral",
      "offset": 4953,
      "length": 2,
      "value": "\"\""
    },
    {
      "filePath": "\/Users\/hetzner\/buildAgent\/work\/81778e30852256d6\/HybridlocSDK\/Sources\/Remote\/WanzlDigitalLockApiClient.swift",
      "kind": "IntegerLiteral",
      "offset": 5008,
      "length": 3,
      "value": "401"
    },
    {
      "filePath": "\/Users\/hetzner\/buildAgent\/work\/81778e30852256d6\/HybridlocSDK\/Sources\/Remote\/WanzlDigitalLockApiClient.swift",
      "kind": "StringLiteral",
      "offset": 5064,
      "length": 2,
      "value": "\"\""
    },
    {
      "filePath": "\/Users\/hetzner\/buildAgent\/work\/81778e30852256d6\/HybridlocSDK\/Sources\/Remote\/WanzlDigitalLockApiClient.swift",
      "kind": "BooleanLiteral",
      "offset": 5786,
      "length": 4,
      "value": "true"
    },
    {
      "filePath": "\/Users\/hetzner\/buildAgent\/work\/81778e30852256d6\/HybridlocSDK\/Sources\/Remote\/WanzlDigitalLockApiClient.swift",
      "kind": "StringLiteral",
      "offset": 5822,
      "length": 43,
      "value": "\"Bad resourceName: \""
    },
    {
      "filePath": "\/Users\/hetzner\/buildAgent\/work\/81778e30852256d6\/HybridlocSDK\/Sources\/Remote\/WanzlDigitalLockApiClient.swift",
      "kind": "StringLiteral",
      "offset": 5864,
      "length": 2,
      "value": "\"\""
    },
    {
      "filePath": "\/Users\/hetzner\/buildAgent\/work\/81778e30852256d6\/HybridlocSDK\/Sources\/Remote\/WanzlDigitalLockApiClient.swift",
      "kind": "Array",
      "offset": 5977,
      "length": 2,
      "value": "[]"
    },
    {
      "filePath": "\/Users\/hetzner\/buildAgent\/work\/81778e30852256d6\/HybridlocSDK\/Sources\/Remote\/WanzlDigitalLockApiClient.swift",
      "kind": "BooleanLiteral",
      "offset": 6730,
      "length": 4,
      "value": "true"
    },
    {
      "filePath": "\/Users\/hetzner\/buildAgent\/work\/81778e30852256d6\/HybridlocSDK\/Sources\/Remote\/WanzlDigitalLockApiClient.swift",
      "kind": "StringLiteral",
      "offset": 6766,
      "length": 14,
      "value": "\"Bad auth url\""
    },
    {
      "filePath": "\/Users\/hetzner\/buildAgent\/work\/81778e30852256d6\/HybridlocSDK\/Sources\/Remote\/WanzlDigitalLockApiClient.swift",
      "kind": "Array",
      "offset": 6892,
      "length": 2,
      "value": "[]"
    },
    {
      "filePath": "\/Users\/hetzner\/buildAgent\/work\/81778e30852256d6\/HybridlocSDK\/Sources\/Remote\/Requests\/WAuthenticate.swift",
      "kind": "StringLiteral",
      "offset": 357,
      "length": 6,
      "value": "\"POST\""
    },
    {
      "filePath": "\/Users\/hetzner\/buildAgent\/work\/81778e30852256d6\/HybridlocSDK\/Sources\/Remote\/Requests\/WAuthenticate.swift",
      "kind": "StringLiteral",
      "offset": 459,
      "length": 2,
      "value": "\"\""
    },
    {
      "filePath": "\/Users\/hetzner\/buildAgent\/work\/81778e30852256d6\/HybridlocSDK\/Sources\/Remote\/Models\/WQueryParameter.swift",
      "kind": "StringLiteral",
      "offset": 485,
      "length": 18,
      "value": "\"Wrong parameters\""
    },
    {
      "filePath": "\/Users\/hetzner\/buildAgent\/work\/81778e30852256d6\/HybridlocSDK\/Sources\/Remote\/Requests\/WGetDigitalKeys.swift",
      "kind": "StringLiteral",
      "offset": 332,
      "length": 5,
      "value": "\"GET\""
    },
    {
      "filePath": "\/Users\/hetzner\/buildAgent\/work\/81778e30852256d6\/HybridlocSDK\/Sources\/Remote\/Requests\/WGetDigitalKeys.swift",
      "kind": "StringLiteral",
      "offset": 433,
      "length": 12,
      "value": "\"DigitalKey\""
    },
    {
      "filePath": "\/Users\/hetzner\/buildAgent\/work\/81778e30852256d6\/HybridlocSDK\/Sources\/Remote\/Requests\/WGetDigitalKeys.swift",
      "kind": "StringLiteral",
      "offset": 582,
      "length": 6,
      "value": "\"0815\""
    },
    {
      "filePath": "\/Users\/hetzner\/buildAgent\/work\/81778e30852256d6\/HybridlocSDK\/Sources\/DigitalKeysService\/DigitalKeysService.swift",
      "kind": "IntegerLiteral",
      "offset": 1189,
      "length": 5,
      "value": "86400"
    },
    {
      "filePath": "\/Users\/hetzner\/buildAgent\/work\/81778e30852256d6\/HybridlocSDK\/Sources\/DigitalKeysService\/DigitalKeysService.swift",
      "kind": "BooleanLiteral",
      "offset": 3418,
      "length": 5,
      "value": "false"
    },
    {
      "filePath": "\/Users\/hetzner\/buildAgent\/work\/81778e30852256d6\/HybridlocSDK\/Sources\/DigitalKeysService\/DigitalKeysService.swift",
      "kind": "StringLiteral",
      "offset": 3850,
      "length": 3,
      "value": "\"0\""
    },
    {
      "filePath": "\/Users\/hetzner\/buildAgent\/work\/81778e30852256d6\/HybridlocSDK\/Sources\/DigitalKeysService\/DigitalKeysService.swift",
      "kind": "IntegerLiteral",
      "offset": 3858,
      "length": 1,
      "value": "0"
    },
    {
      "filePath": "\/Users\/hetzner\/buildAgent\/work\/81778e30852256d6\/HybridlocSDK\/Sources\/DigitalKeysService\/DigitalKeysService.swift",
      "kind": "IntegerLiteral",
      "offset": 3901,
      "length": 2,
      "value": "30"
    },
    {
      "filePath": "\/Users\/hetzner\/buildAgent\/work\/81778e30852256d6\/HybridlocSDK\/Sources\/DigitalKeysService\/DigitalKeysService.swift",
      "kind": "IntegerLiteral",
      "offset": 3959,
      "length": 1,
      "value": "0"
    },
    {
      "filePath": "\/Users\/hetzner\/buildAgent\/work\/81778e30852256d6\/HybridlocSDK\/Sources\/DigitalKeysService\/DigitalKeysService.swift",
      "kind": "BooleanLiteral",
      "offset": 3982,
      "length": 5,
      "value": "false"
    },
    {
      "filePath": "\/Users\/hetzner\/buildAgent\/work\/81778e30852256d6\/HybridlocSDK\/Sources\/DigitalKeysService\/DigitalKeysService.swift",
      "kind": "BooleanLiteral",
      "offset": 4013,
      "length": 4,
      "value": "true"
    }
  ]
}