{
  "ABIRoot": {
    "kind": "Root",
    "name": "HybridlocSDK",
    "printedName": "HybridlocSDK",
    "children": [
      {
        "kind": "TypeDecl",
        "name": "NfcAlertMessages",
        "printedName": "NfcAlertMessages",
        "children": [
          {
            "kind": "Constructor",
            "name": "init",
            "printedName": "init(initial:success:error:)",
            "children": [
              {
                "kind": "TypeNominal",
                "name": "NfcAlertMessages",
                "printedName": "HybridlocSDK.NfcAlertMessages",
                "usr": "s:12HybridlocSDK16NfcAlertMessagesV"
              },
              {
                "kind": "TypeNominal",
                "name": "String",
                "printedName": "Swift.String",
                "usr": "s:SS"
              },
              {
                "kind": "TypeNominal",
                "name": "String",
                "printedName": "Swift.String",
                "usr": "s:SS"
              },
              {
                "kind": "TypeNominal",
                "name": "String",
                "printedName": "Swift.String",
                "usr": "s:SS"
              }
            ],
            "declKind": "Constructor",
            "usr": "s:12HybridlocSDK16NfcAlertMessagesV7initial7success5errorACSS_S2Stcfc",
            "mangledName": "$s12HybridlocSDK16NfcAlertMessagesV7initial7success5errorACSS_S2Stcfc",
            "moduleName": "HybridlocSDK",
            "declAttributes": [
              "AccessControl",
              "RawDocComment"
            ],
            "init_kind": "Designated"
          }
        ],
        "declKind": "Struct",
        "usr": "s:12HybridlocSDK16NfcAlertMessagesV",
        "mangledName": "$s12HybridlocSDK16NfcAlertMessagesV",
        "moduleName": "HybridlocSDK",
        "declAttributes": [
          "AccessControl",
          "RawDocComment"
        ],
        "conformances": [
          {
            "kind": "Conformance",
            "name": "Copyable",
            "printedName": "Copyable",
            "usr": "s:s8CopyableP",
            "mangledName": "$ss8CopyableP"
          },
          {
            "kind": "Conformance",
            "name": "Escapable",
            "printedName": "Escapable",
            "usr": "s:s9EscapableP",
            "mangledName": "$ss9EscapableP"
          }
        ]
      },
      {
        "kind": "Import",
        "name": "Foundation",
        "printedName": "Foundation",
        "declKind": "Import",
        "moduleName": "HybridlocSDK",
        "declAttributes": [
          "RawDocComment"
        ]
      },
      {
        "kind": "Import",
        "name": "Foundation",
        "printedName": "Foundation",
        "declKind": "Import",
        "moduleName": "HybridlocSDK",
        "declAttributes": [
          "RawDocComment"
        ]
      },
      {
        "kind": "TypeDecl",
        "name": "HybridlocClient",
        "printedName": "HybridlocClient",
        "children": [
          {
            "kind": "Constructor",
            "name": "init",
            "printedName": "init(clientId:clientSecret:userId:nfcAlertMessages:)",
            "children": [
              {
                "kind": "TypeNominal",
                "name": "HybridlocClient",
                "printedName": "HybridlocSDK.HybridlocClient",
                "usr": "s:12HybridlocSDK0A6ClientC"
              },
              {
                "kind": "TypeNominal",
                "name": "String",
                "printedName": "Swift.String",
                "usr": "s:SS"
              },
              {
                "kind": "TypeNominal",
                "name": "String",
                "printedName": "Swift.String",
                "usr": "s:SS"
              },
              {
                "kind": "TypeNominal",
                "name": "String",
                "printedName": "Swift.String",
                "usr": "s:SS"
              },
              {
                "kind": "TypeNominal",
                "name": "NfcAlertMessages",
                "printedName": "HybridlocSDK.NfcAlertMessages",
                "usr": "s:12HybridlocSDK16NfcAlertMessagesV"
              }
            ],
            "declKind": "Constructor",
            "usr": "s:12HybridlocSDK0A6ClientC8clientId0D6Secret04userE016nfcAlertMessagesACSS_S2SAA03NfciJ0VtKcfc",
            "mangledName": "$s12HybridlocSDK0A6ClientC8clientId0D6Secret04userE016nfcAlertMessagesACSS_S2SAA03NfciJ0VtKcfc",
            "moduleName": "HybridlocSDK",
            "declAttributes": [
              "Convenience",
              "AccessControl",
              "RawDocComment"
            ],
            "throwing": true,
            "init_kind": "Convenience"
          },
          {
            "kind": "Function",
            "name": "loadDigitalKeys",
            "printedName": "loadDigitalKeys()",
            "children": [
              {
                "kind": "TypeNominal",
                "name": "Result",
                "printedName": "Swift.Result<(), HybridlocSDK.HybridlocClientError>",
                "children": [
                  {
                    "kind": "TypeNominal",
                    "name": "Void",
                    "printedName": "()"
                  },
                  {
                    "kind": "TypeNominal",
                    "name": "HybridlocClientError",
                    "printedName": "HybridlocSDK.HybridlocClientError",
                    "usr": "s:12HybridlocSDK0A11ClientErrorO"
                  }
                ],
                "usr": "s:s6ResultO"
              }
            ],
            "declKind": "Func",
            "usr": "s:12HybridlocSDK0A6ClientC15loadDigitalKeyss6ResultOyytAA0aC5ErrorOGyYaF",
            "mangledName": "$s12HybridlocSDK0A6ClientC15loadDigitalKeyss6ResultOyytAA0aC5ErrorOGyYaF",
            "moduleName": "HybridlocSDK",
            "declAttributes": [
              "Final",
              "AccessControl",
              "RawDocComment"
            ],
            "funcSelfKind": "NonMutating"
          },
          {
            "kind": "Function",
            "name": "openLock",
            "printedName": "openLock()",
            "children": [
              {
                "kind": "TypeNominal",
                "name": "Result",
                "printedName": "Swift.Result<(), HybridlocSDK.HybridlocClientError>",
                "children": [
                  {
                    "kind": "TypeNominal",
                    "name": "Void",
                    "printedName": "()"
                  },
                  {
                    "kind": "TypeNominal",
                    "name": "HybridlocClientError",
                    "printedName": "HybridlocSDK.HybridlocClientError",
                    "usr": "s:12HybridlocSDK0A11ClientErrorO"
                  }
                ],
                "usr": "s:s6ResultO"
              }
            ],
            "declKind": "Func",
            "usr": "s:12HybridlocSDK0A6ClientC8openLocks6ResultOyytAA0aC5ErrorOGyYaF",
            "mangledName": "$s12HybridlocSDK0A6ClientC8openLocks6ResultOyytAA0aC5ErrorOGyYaF",
            "moduleName": "HybridlocSDK",
            "declAttributes": [
              "Final",
              "AccessControl",
              "RawDocComment"
            ],
            "funcSelfKind": "NonMutating"
          },
          {
            "kind": "Function",
            "name": "cancelLockOpening",
            "printedName": "cancelLockOpening()",
            "children": [
              {
                "kind": "TypeNominal",
                "name": "Void",
                "printedName": "()"
              }
            ],
            "declKind": "Func",
            "usr": "s:12HybridlocSDK0A6ClientC17cancelLockOpeningyyF",
            "mangledName": "$s12HybridlocSDK0A6ClientC17cancelLockOpeningyyF",
            "moduleName": "HybridlocSDK",
            "declAttributes": [
              "Final",
              "AccessControl",
              "RawDocComment"
            ],
            "funcSelfKind": "NonMutating"
          }
        ],
        "declKind": "Class",
        "usr": "s:12HybridlocSDK0A6ClientC",
        "mangledName": "$s12HybridlocSDK0A6ClientC",
        "moduleName": "HybridlocSDK",
        "declAttributes": [
          "Final",
          "AccessControl",
          "RawDocComment"
        ],
        "hasMissingDesignatedInitializers": true,
        "conformances": [
          {
            "kind": "Conformance",
            "name": "Copyable",
            "printedName": "Copyable",
            "usr": "s:s8CopyableP",
            "mangledName": "$ss8CopyableP"
          },
          {
            "kind": "Conformance",
            "name": "Escapable",
            "printedName": "Escapable",
            "usr": "s:s9EscapableP",
            "mangledName": "$ss9EscapableP"
          }
        ]
      },
      {
        "kind": "TypeDecl",
        "name": "HybridlocClientError",
        "printedName": "HybridlocClientError",
        "children": [
          {
            "kind": "Var",
            "name": "usageError",
            "printedName": "usageError",
            "children": [
              {
                "kind": "TypeFunc",
                "name": "Function",
                "printedName": "(HybridlocSDK.HybridlocClientError.Type) -> (Swift.String) -> HybridlocSDK.HybridlocClientError",
                "children": [
                  {
                    "kind": "TypeFunc",
                    "name": "Function",
                    "printedName": "(Swift.String) -> HybridlocSDK.HybridlocClientError",
                    "children": [
                      {
                        "kind": "TypeNominal",
                        "name": "HybridlocClientError",
                        "printedName": "HybridlocSDK.HybridlocClientError",
                        "usr": "s:12HybridlocSDK0A11ClientErrorO"
                      },
                      {
                        "kind": "TypeNominal",
                        "name": "String",
                        "printedName": "Swift.String",
                        "usr": "s:SS"
                      }
                    ]
                  },
                  {
                    "kind": "TypeNominal",
                    "name": "Metatype",
                    "printedName": "HybridlocSDK.HybridlocClientError.Type",
                    "children": [
                      {
                        "kind": "TypeNominal",
                        "name": "HybridlocClientError",
                        "printedName": "HybridlocSDK.HybridlocClientError",
                        "usr": "s:12HybridlocSDK0A11ClientErrorO"
                      }
                    ]
                  }
                ]
              }
            ],
            "declKind": "EnumElement",
            "usr": "s:12HybridlocSDK0A11ClientErrorO05usageD0yACSScACmF",
            "mangledName": "$s12HybridlocSDK0A11ClientErrorO05usageD0yACSScACmF",
            "moduleName": "HybridlocSDK",
            "declAttributes": [
              "RawDocComment"
            ]
          },
          {
            "kind": "Var",
            "name": "keyLoadingFailed",
            "printedName": "keyLoadingFailed",
            "children": [
              {
                "kind": "TypeFunc",
                "name": "Function",
                "printedName": "(HybridlocSDK.HybridlocClientError.Type) -> (Swift.String) -> HybridlocSDK.HybridlocClientError",
                "children": [
                  {
                    "kind": "TypeFunc",
                    "name": "Function",
                    "printedName": "(Swift.String) -> HybridlocSDK.HybridlocClientError",
                    "children": [
                      {
                        "kind": "TypeNominal",
                        "name": "HybridlocClientError",
                        "printedName": "HybridlocSDK.HybridlocClientError",
                        "usr": "s:12HybridlocSDK0A11ClientErrorO"
                      },
                      {
                        "kind": "TypeNominal",
                        "name": "String",
                        "printedName": "Swift.String",
                        "usr": "s:SS"
                      }
                    ]
                  },
                  {
                    "kind": "TypeNominal",
                    "name": "Metatype",
                    "printedName": "HybridlocSDK.HybridlocClientError.Type",
                    "children": [
                      {
                        "kind": "TypeNominal",
                        "name": "HybridlocClientError",
                        "printedName": "HybridlocSDK.HybridlocClientError",
                        "usr": "s:12HybridlocSDK0A11ClientErrorO"
                      }
                    ]
                  }
                ]
              }
            ],
            "declKind": "EnumElement",
            "usr": "s:12HybridlocSDK0A11ClientErrorO16keyLoadingFailedyACSScACmF",
            "mangledName": "$s12HybridlocSDK0A11ClientErrorO16keyLoadingFailedyACSScACmF",
            "moduleName": "HybridlocSDK",
            "declAttributes": [
              "RawDocComment"
            ]
          },
          {
            "kind": "Var",
            "name": "unlockingFailed",
            "printedName": "unlockingFailed",
            "children": [
              {
                "kind": "TypeFunc",
                "name": "Function",
                "printedName": "(HybridlocSDK.HybridlocClientError.Type) -> (Swift.String) -> HybridlocSDK.HybridlocClientError",
                "children": [
                  {
                    "kind": "TypeFunc",
                    "name": "Function",
                    "printedName": "(Swift.String) -> HybridlocSDK.HybridlocClientError",
                    "children": [
                      {
                        "kind": "TypeNominal",
                        "name": "HybridlocClientError",
                        "printedName": "HybridlocSDK.HybridlocClientError",
                        "usr": "s:12HybridlocSDK0A11ClientErrorO"
                      },
                      {
                        "kind": "TypeNominal",
                        "name": "String",
                        "printedName": "Swift.String",
                        "usr": "s:SS"
                      }
                    ]
                  },
                  {
                    "kind": "TypeNominal",
                    "name": "Metatype",
                    "printedName": "HybridlocSDK.HybridlocClientError.Type",
                    "children": [
                      {
                        "kind": "TypeNominal",
                        "name": "HybridlocClientError",
                        "printedName": "HybridlocSDK.HybridlocClientError",
                        "usr": "s:12HybridlocSDK0A11ClientErrorO"
                      }
                    ]
                  }
                ]
              }
            ],
            "declKind": "EnumElement",
            "usr": "s:12HybridlocSDK0A11ClientErrorO15unlockingFailedyACSScACmF",
            "mangledName": "$s12HybridlocSDK0A11ClientErrorO15unlockingFailedyACSScACmF",
            "moduleName": "HybridlocSDK",
            "declAttributes": [
              "RawDocComment"
            ]
          },
          {
            "kind": "Var",
            "name": "userCancelledNfcDialog",
            "printedName": "userCancelledNfcDialog",
            "children": [
              {
                "kind": "TypeFunc",
                "name": "Function",
                "printedName": "(HybridlocSDK.HybridlocClientError.Type) -> HybridlocSDK.HybridlocClientError",
                "children": [
                  {
                    "kind": "TypeNominal",
                    "name": "HybridlocClientError",
                    "printedName": "HybridlocSDK.HybridlocClientError",
                    "usr": "s:12HybridlocSDK0A11ClientErrorO"
                  },
                  {
                    "kind": "TypeNominal",
                    "name": "Metatype",
                    "printedName": "HybridlocSDK.HybridlocClientError.Type",
                    "children": [
                      {
                        "kind": "TypeNominal",
                        "name": "HybridlocClientError",
                        "printedName": "HybridlocSDK.HybridlocClientError",
                        "usr": "s:12HybridlocSDK0A11ClientErrorO"
                      }
                    ]
                  }
                ]
              }
            ],
            "declKind": "EnumElement",
            "usr": "s:12HybridlocSDK0A11ClientErrorO22userCancelledNfcDialogyA2CmF",
            "mangledName": "$s12HybridlocSDK0A11ClientErrorO22userCancelledNfcDialogyA2CmF",
            "moduleName": "HybridlocSDK",
            "declAttributes": [
              "RawDocComment"
            ]
          },
          {
            "kind": "Var",
            "name": "cancelled",
            "printedName": "cancelled",
            "children": [
              {
                "kind": "TypeFunc",
                "name": "Function",
                "printedName": "(HybridlocSDK.HybridlocClientError.Type) -> HybridlocSDK.HybridlocClientError",
                "children": [
                  {
                    "kind": "TypeNominal",
                    "name": "HybridlocClientError",
                    "printedName": "HybridlocSDK.HybridlocClientError",
                    "usr": "s:12HybridlocSDK0A11ClientErrorO"
                  },
                  {
                    "kind": "TypeNominal",
                    "name": "Metatype",
                    "printedName": "HybridlocSDK.HybridlocClientError.Type",
                    "children": [
                      {
                        "kind": "TypeNominal",
                        "name": "HybridlocClientError",
                        "printedName": "HybridlocSDK.HybridlocClientError",
                        "usr": "s:12HybridlocSDK0A11ClientErrorO"
                      }
                    ]
                  }
                ]
              }
            ],
            "declKind": "EnumElement",
            "usr": "s:12HybridlocSDK0A11ClientErrorO9cancelledyA2CmF",
            "mangledName": "$s12HybridlocSDK0A11ClientErrorO9cancelledyA2CmF",
            "moduleName": "HybridlocSDK",
            "declAttributes": [
              "RawDocComment"
            ]
          },
          {
            "kind": "Var",
            "name": "processAlreadyRunning",
            "printedName": "processAlreadyRunning",
            "children": [
              {
                "kind": "TypeFunc",
                "name": "Function",
                "printedName": "(HybridlocSDK.HybridlocClientError.Type) -> HybridlocSDK.HybridlocClientError",
                "children": [
                  {
                    "kind": "TypeNominal",
                    "name": "HybridlocClientError",
                    "printedName": "HybridlocSDK.HybridlocClientError",
                    "usr": "s:12HybridlocSDK0A11ClientErrorO"
                  },
                  {
                    "kind": "TypeNominal",
                    "name": "Metatype",
                    "printedName": "HybridlocSDK.HybridlocClientError.Type",
                    "children": [
                      {
                        "kind": "TypeNominal",
                        "name": "HybridlocClientError",
                        "printedName": "HybridlocSDK.HybridlocClientError",
                        "usr": "s:12HybridlocSDK0A11ClientErrorO"
                      }
                    ]
                  }
                ]
              }
            ],
            "declKind": "EnumElement",
            "usr": "s:12HybridlocSDK0A11ClientErrorO21processAlreadyRunningyA2CmF",
            "mangledName": "$s12HybridlocSDK0A11ClientErrorO21processAlreadyRunningyA2CmF",
            "moduleName": "HybridlocSDK",
            "declAttributes": [
              "RawDocComment"
            ]
          },
          {
            "kind": "Var",
            "name": "initializationError",
            "printedName": "initializationError",
            "children": [
              {
                "kind": "TypeNominal",
                "name": "HybridlocClientError",
                "printedName": "HybridlocSDK.HybridlocClientError",
                "usr": "s:12HybridlocSDK0A11ClientErrorO"
              }
            ],
            "declKind": "Var",
            "usr": "s:12HybridlocSDK0A11ClientErrorO014initializationD0ACvpZ",
            "mangledName": "$s12HybridlocSDK0A11ClientErrorO014initializationD0ACvpZ",
            "moduleName": "HybridlocSDK",
            "static": true,
            "declAttributes": [
              "HasInitialValue",
              "HasStorage",
              "AccessControl",
              "RawDocComment"
            ],
            "hasStorage": true,
            "accessors": [
              {
                "kind": "Accessor",
                "name": "Get",
                "printedName": "Get()",
                "children": [
                  {
                    "kind": "TypeNominal",
                    "name": "HybridlocClientError",
                    "printedName": "HybridlocSDK.HybridlocClientError",
                    "usr": "s:12HybridlocSDK0A11ClientErrorO"
                  }
                ],
                "declKind": "Accessor",
                "usr": "s:12HybridlocSDK0A11ClientErrorO014initializationD0ACvgZ",
                "mangledName": "$s12HybridlocSDK0A11ClientErrorO014initializationD0ACvgZ",
                "moduleName": "HybridlocSDK",
                "static": true,
                "implicit": true,
                "accessorKind": "get"
              },
              {
                "kind": "Accessor",
                "name": "Set",
                "printedName": "Set()",
                "children": [
                  {
                    "kind": "TypeNominal",
                    "name": "Void",
                    "printedName": "()"
                  },
                  {
                    "kind": "TypeNominal",
                    "name": "HybridlocClientError",
                    "printedName": "HybridlocSDK.HybridlocClientError",
                    "usr": "s:12HybridlocSDK0A11ClientErrorO"
                  }
                ],
                "declKind": "Accessor",
                "usr": "s:12HybridlocSDK0A11ClientErrorO014initializationD0ACvsZ",
                "mangledName": "$s12HybridlocSDK0A11ClientErrorO014initializationD0ACvsZ",
                "moduleName": "HybridlocSDK",
                "static": true,
                "implicit": true,
                "accessorKind": "set"
              },
              {
                "kind": "Accessor",
                "name": "Modify",
                "printedName": "Modify()",
                "children": [
                  {
                    "kind": "TypeNominal",
                    "name": "Void",
                    "printedName": "()"
                  }
                ],
                "declKind": "Accessor",
                "usr": "s:12HybridlocSDK0A11ClientErrorO014initializationD0ACvMZ",
                "mangledName": "$s12HybridlocSDK0A11ClientErrorO014initializationD0ACvMZ",
                "moduleName": "HybridlocSDK",
                "static": true,
                "implicit": true,
                "accessorKind": "_modify"
              }
            ]
          },
          {
            "kind": "Var",
            "name": "errorDescription",
            "printedName": "errorDescription",
            "children": [
              {
                "kind": "TypeNominal",
                "name": "Optional",
                "printedName": "Swift.String?",
                "children": [
                  {
                    "kind": "TypeNominal",
                    "name": "String",
                    "printedName": "Swift.String",
                    "usr": "s:SS"
                  }
                ],
                "usr": "s:Sq"
              }
            ],
            "declKind": "Var",
            "usr": "s:12HybridlocSDK0A11ClientErrorO16errorDescriptionSSSgvp",
            "mangledName": "$s12HybridlocSDK0A11ClientErrorO16errorDescriptionSSSgvp",
            "moduleName": "HybridlocSDK",
            "declAttributes": [
              "AccessControl"
            ],
            "accessors": [
              {
                "kind": "Accessor",
                "name": "Get",
                "printedName": "Get()",
                "children": [
                  {
                    "kind": "TypeNominal",
                    "name": "Optional",
                    "printedName": "Swift.String?",
                    "children": [
                      {
                        "kind": "TypeNominal",
                        "name": "String",
                        "printedName": "Swift.String",
                        "usr": "s:SS"
                      }
                    ],
                    "usr": "s:Sq"
                  }
                ],
                "declKind": "Accessor",
                "usr": "s:12HybridlocSDK0A11ClientErrorO16errorDescriptionSSSgvg",
                "mangledName": "$s12HybridlocSDK0A11ClientErrorO16errorDescriptionSSSgvg",
                "moduleName": "HybridlocSDK",
                "accessorKind": "get"
              }
            ]
          },
          {
            "kind": "Function",
            "name": "==",
            "printedName": "==(_:_:)",
            "children": [
              {
                "kind": "TypeNominal",
                "name": "Bool",
                "printedName": "Swift.Bool",
                "usr": "s:Sb"
              },
              {
                "kind": "TypeNominal",
                "name": "HybridlocClientError",
                "printedName": "HybridlocSDK.HybridlocClientError",
                "usr": "s:12HybridlocSDK0A11ClientErrorO"
              },
              {
                "kind": "TypeNominal",
                "name": "HybridlocClientError",
                "printedName": "HybridlocSDK.HybridlocClientError",
                "usr": "s:12HybridlocSDK0A11ClientErrorO"
              }
            ],
            "declKind": "Func",
            "usr": "s:12HybridlocSDK0A11ClientErrorO2eeoiySbAC_ACtFZ",
            "mangledName": "$s12HybridlocSDK0A11ClientErrorO2eeoiySbAC_ACtFZ",
            "moduleName": "HybridlocSDK",
            "static": true,
            "implicit": true,
            "funcSelfKind": "NonMutating"
          }
        ],
        "declKind": "Enum",
        "usr": "s:12HybridlocSDK0A11ClientErrorO",
        "mangledName": "$s12HybridlocSDK0A11ClientErrorO",
        "moduleName": "HybridlocSDK",
        "declAttributes": [
          "AccessControl",
          "RawDocComment"
        ],
        "conformances": [
          {
            "kind": "Conformance",
            "name": "Copyable",
            "printedName": "Copyable",
            "usr": "s:s8CopyableP",
            "mangledName": "$ss8CopyableP"
          },
          {
            "kind": "Conformance",
            "name": "Escapable",
            "printedName": "Escapable",
            "usr": "s:s9EscapableP",
            "mangledName": "$ss9EscapableP"
          },
          {
            "kind": "Conformance",
            "name": "LocalizedError",
            "printedName": "LocalizedError",
            "usr": "s:10Foundation14LocalizedErrorP",
            "mangledName": "$s10Foundation14LocalizedErrorP"
          },
          {
            "kind": "Conformance",
            "name": "Equatable",
            "printedName": "Equatable",
            "usr": "s:SQ",
            "mangledName": "$sSQ"
          },
          {
            "kind": "Conformance",
            "name": "Error",
            "printedName": "Error",
            "usr": "s:s5ErrorP",
            "mangledName": "$ss5ErrorP"
          },
          {
            "kind": "Conformance",
            "name": "Sendable",
            "printedName": "Sendable",
            "usr": "s:s8SendableP",
            "mangledName": "$ss8SendableP"
          }
        ]
      },
      {
        "kind": "Import",
        "name": "Foundation",
        "printedName": "Foundation",
        "declKind": "Import",
        "moduleName": "HybridlocSDK",
        "declAttributes": [
          "RawDocComment"
        ]
      },
      {
        "kind": "Import",
        "name": "Foundation",
        "printedName": "Foundation",
        "declKind": "Import",
        "moduleName": "HybridlocSDK",
        "declAttributes": [
          "RawDocComment"
        ]
      },
      {
        "kind": "Import",
        "name": "CommonCrypto",
        "printedName": "CommonCrypto",
        "declKind": "Import",
        "moduleName": "HybridlocSDK",
        "declAttributes": [
          "RawDocComment"
        ]
      },
      {
        "kind": "Import",
        "name": "Foundation",
        "printedName": "Foundation",
        "declKind": "Import",
        "moduleName": "HybridlocSDK",
        "declAttributes": [
          "RawDocComment"
        ]
      },
      {
        "kind": "Import",
        "name": "Foundation",
        "printedName": "Foundation",
        "declKind": "Import",
        "moduleName": "HybridlocSDK",
        "declAttributes": [
          "RawDocComment"
        ]
      },
      {
        "kind": "Import",
        "name": "CryptoKit",
        "printedName": "CryptoKit",
        "declKind": "Import",
        "moduleName": "HybridlocSDK",
        "declAttributes": [
          "RawDocComment"
        ]
      },
      {
        "kind": "Import",
        "name": "Foundation",
        "printedName": "Foundation",
        "declKind": "Import",
        "moduleName": "HybridlocSDK",
        "declAttributes": [
          "RawDocComment"
        ]
      },
      {
        "kind": "Import",
        "name": "Foundation",
        "printedName": "Foundation",
        "declKind": "Import",
        "moduleName": "HybridlocSDK",
        "declAttributes": [
          "RawDocComment"
        ]
      },
      {
        "kind": "Import",
        "name": "CoreNFC",
        "printedName": "CoreNFC",
        "declKind": "Import",
        "moduleName": "HybridlocSDK",
        "declAttributes": [
          "RawDocComment"
        ]
      }
    ],
    "json_format_version": 8
  },
  "ConstValues": [
    {
      "filePath": "\/Users\/admin\/builds\/ams\/kunden\/wanzl-gmbh-co-kgaa\/wanzl-hybridlock-sdk\/ios-hybridloc-source\/HybridlocSDK\/Sources\/Util\/Data+Extension.swift",
      "kind": "BooleanLiteral",
      "offset": 456,
      "length": 4,
      "value": "true"
    },
    {
      "filePath": "\/Users\/admin\/builds\/ams\/kunden\/wanzl-gmbh-co-kgaa\/wanzl-hybridlock-sdk\/ios-hybridloc-source\/HybridlocSDK\/Sources\/Main\/HybridlocClient.swift",
      "kind": "BooleanLiteral",
      "offset": 783,
      "length": 5,
      "value": "false"
    },
    {
      "filePath": "\/Users\/admin\/builds\/ams\/kunden\/wanzl-gmbh-co-kgaa\/wanzl-hybridlock-sdk\/ios-hybridloc-source\/HybridlocSDK\/Sources\/Main\/HybridlocClient.swift",
      "kind": "StringLiteral",
      "offset": 964,
      "length": 2,
      "value": "\"\""
    },
    {
      "filePath": "\/Users\/admin\/builds\/ams\/kunden\/wanzl-gmbh-co-kgaa\/wanzl-hybridlock-sdk\/ios-hybridloc-source\/HybridlocSDK\/Sources\/Main\/HybridlocClient.swift",
      "kind": "IntegerLiteral",
      "offset": 1557,
      "length": 1,
      "value": "0"
    },
    {
      "filePath": "\/Users\/admin\/builds\/ams\/kunden\/wanzl-gmbh-co-kgaa\/wanzl-hybridlock-sdk\/ios-hybridloc-source\/HybridlocSDK\/Sources\/Main\/HybridlocClient.swift",
      "kind": "BooleanLiteral",
      "offset": 1732,
      "length": 5,
      "value": "false"
    },
    {
      "filePath": "\/Users\/admin\/builds\/ams\/kunden\/wanzl-gmbh-co-kgaa\/wanzl-hybridlock-sdk\/ios-hybridloc-source\/HybridlocSDK\/Sources\/Main\/HybridlocClientError.swift",
      "kind": "StringLiteral",
      "offset": 1314,
      "length": 478,
      "value": "\"Only one active instance of HybridlocClient is allowed. Please reuse created instances instead of creating new ones or consider deinitializing a created instance beforehand. Also be sure to not establish retain cycles between your code and instances of this class.\n\nBefore initializing a new instance of this class, please make sure to call cancelLockOpening()\non the old instance. Otherwise the old instance may leak!\""
    },
    {
      "filePath": "\/Users\/admin\/builds\/ams\/kunden\/wanzl-gmbh-co-kgaa\/wanzl-hybridlock-sdk\/ios-hybridloc-source\/HybridlocSDK\/Sources\/LockOpener\/LockOpener.swift",
      "kind": "StringLiteral",
      "offset": 1279,
      "length": 30,
      "value": "\"wanzl:\/\/trolley\/digitallock\/\""
    },
    {
      "filePath": "\/Users\/admin\/builds\/ams\/kunden\/wanzl-gmbh-co-kgaa\/wanzl-hybridlock-sdk\/ios-hybridloc-source\/HybridlocSDK\/Sources\/LockOpener\/LockOpener.swift",
      "kind": "StringLiteral",
      "offset": 1391,
      "length": 4,
      "value": "\"v1\""
    },
    {
      "filePath": "\/Users\/admin\/builds\/ams\/kunden\/wanzl-gmbh-co-kgaa\/wanzl-hybridlock-sdk\/ios-hybridloc-source\/HybridlocSDK\/Sources\/LockOpener\/LockOpener.swift",
      "kind": "BooleanLiteral",
      "offset": 2153,
      "length": 5,
      "value": "false"
    },
    {
      "filePath": "\/Users\/admin\/builds\/ams\/kunden\/wanzl-gmbh-co-kgaa\/wanzl-hybridlock-sdk\/ios-hybridloc-source\/HybridlocSDK\/Sources\/Encryption\/UnlockCommandEncryptor.swift",
      "kind": "Array",
      "offset": 926,
      "length": 48,
      "value": "[0, 0, 0, 0, 0, 0, 0, 0, 0, 0, 0, 0, 0, 0, 0, 0]"
    },
    {
      "filePath": "\/Users\/admin\/builds\/ams\/kunden\/wanzl-gmbh-co-kgaa\/wanzl-hybridlock-sdk\/ios-hybridloc-source\/HybridlocSDK\/Sources\/Encryption\/DigitalKeysEncryptor.swift",
      "kind": "StringLiteral",
      "offset": 1219,
      "length": 14,
      "value": "\"symmetricKey\""
    },
    {
      "filePath": "\/Users\/admin\/builds\/ams\/kunden\/wanzl-gmbh-co-kgaa\/wanzl-hybridlock-sdk\/ios-hybridloc-source\/HybridlocSDK\/Sources\/Remote\/DigitalLockApiClient.swift",
      "kind": "StringLiteral",
      "offset": 866,
      "length": 2,
      "value": "\"\""
    },
    {
      "filePath": "\/Users\/admin\/builds\/ams\/kunden\/wanzl-gmbh-co-kgaa\/wanzl-hybridlock-sdk\/ios-hybridloc-source\/HybridlocSDK\/Sources\/Remote\/DigitalLockApiClient.swift",
      "kind": "StringLiteral",
      "offset": 948,
      "length": 2,
      "value": "\"\""
    },
    {
      "filePath": "\/Users\/admin\/builds\/ams\/kunden\/wanzl-gmbh-co-kgaa\/wanzl-hybridlock-sdk\/ios-hybridloc-source\/HybridlocSDK\/Sources\/Remote\/DigitalLockApiClient.swift",
      "kind": "StringLiteral",
      "offset": 1069,
      "length": 2,
      "value": "\"\""
    },
    {
      "filePath": "\/Users\/admin\/builds\/ams\/kunden\/wanzl-gmbh-co-kgaa\/wanzl-hybridlock-sdk\/ios-hybridloc-source\/HybridlocSDK\/Sources\/Local\/DeviceStorageManager\/DeviceStorageManager.swift",
      "kind": "BooleanLiteral",
      "offset": 1472,
      "length": 4,
      "value": "true"
    },
    {
      "filePath": "\/Users\/admin\/builds\/ams\/kunden\/wanzl-gmbh-co-kgaa\/wanzl-hybridlock-sdk\/ios-hybridloc-source\/HybridlocSDK\/Sources\/Local\/DeviceStorageManager\/DeviceStorageManager.swift",
      "kind": "StringLiteral",
      "offset": 1588,
      "length": 6,
      "value": "\"data\""
    },
    {
      "filePath": "\/Users\/admin\/builds\/ams\/kunden\/wanzl-gmbh-co-kgaa\/wanzl-hybridlock-sdk\/ios-hybridloc-source\/HybridlocSDK\/Sources\/Remote\/Requests\/AuthenticateRequest.swift",
      "kind": "StringLiteral",
      "offset": 632,
      "length": 51,
      "value": "\"https:\/\/wanzldd.onmicrosoft.com\/dlapidev\/.default\""
    },
    {
      "filePath": "\/Users\/admin\/builds\/ams\/kunden\/wanzl-gmbh-co-kgaa\/wanzl-hybridlock-sdk\/ios-hybridloc-source\/HybridlocSDK\/Sources\/Remote\/Requests\/AuthenticateRequest.swift",
      "kind": "StringLiteral",
      "offset": 704,
      "length": 20,
      "value": "\"client_credentials\""
    },
    {
      "filePath": "\/Users\/admin\/builds\/ams\/kunden\/wanzl-gmbh-co-kgaa\/wanzl-hybridlock-sdk\/ios-hybridloc-source\/HybridlocSDK\/Sources\/Remote\/Requests\/DigitalKeysRequest.swift",
      "kind": "StringLiteral",
      "offset": 798,
      "length": 6,
      "value": "\"0815\""
    },
    {
      "filePath": "\/Users\/admin\/builds\/ams\/kunden\/wanzl-gmbh-co-kgaa\/wanzl-hybridlock-sdk\/ios-hybridloc-source\/HybridlocSDK\/Sources\/NfcService\/NfcService.swift",
      "kind": "IntegerLiteral",
      "offset": 1472,
      "length": 4,
      "value": "2000"
    },
    {
      "filePath": "\/Users\/admin\/builds\/ams\/kunden\/wanzl-gmbh-co-kgaa\/wanzl-hybridlock-sdk\/ios-hybridloc-source\/HybridlocSDK\/Sources\/NfcService\/NfcService.swift",
      "kind": "BooleanLiteral",
      "offset": 2613,
      "length": 5,
      "value": "false"
    }
  ]
}