{
  "ABIRoot": {
    "kind": "Root",
    "name": "TopLevel",
    "printedName": "TopLevel",
    "children": [
      {
        "kind": "Import",
        "name": "Foundation",
        "printedName": "Foundation",
        "declKind": "Import",
        "moduleName": "HybridlocSDK",
        "declAttributes": [
          "RawDocComment"
        ]
      },
      {
        "kind": "Import",
        "name": "Foundation",
        "printedName": "Foundation",
        "declKind": "Import",
        "moduleName": "HybridlocSDK",
        "declAttributes": [
          "RawDocComment"
        ]
      },
      {
        "kind": "TypeDecl",
        "name": "HybridlocClient",
        "printedName": "HybridlocClient",
        "children": [
          {
            "kind": "Constructor",
            "name": "init",
            "printedName": "init(clientId:clientSecret:userId:nfcInitialAlertText:)",
            "children": [
              {
                "kind": "TypeNominal",
                "name": "HybridlocClient",
                "printedName": "HybridlocSDK.HybridlocClient",
                "usr": "s:12HybridlocSDK0A6ClientC"
              },
              {
                "kind": "TypeNominal",
                "name": "String",
                "printedName": "Swift.String",
                "usr": "s:SS"
              },
              {
                "kind": "TypeNominal",
                "name": "String",
                "printedName": "Swift.String",
                "usr": "s:SS"
              },
              {
                "kind": "TypeNominal",
                "name": "String",
                "printedName": "Swift.String",
                "usr": "s:SS"
              },
              {
                "kind": "TypeNominal",
                "name": "String",
                "printedName": "Swift.String",
                "usr": "s:SS"
              }
            ],
            "declKind": "Constructor",
            "usr": "s:12HybridlocSDK0A6ClientC8clientId0D6Secret04userE019nfcInitialAlertTextACSS_S3StKcfc",
            "mangledName": "$s12HybridlocSDK0A6ClientC8clientId0D6Secret04userE019nfcInitialAlertTextACSS_S3StKcfc",
            "moduleName": "HybridlocSDK",
            "declAttributes": [
              "Convenience",
              "AccessControl",
              "RawDocComment"
            ],
            "throwing": true,
            "init_kind": "Convenience"
          },
          {
            "kind": "Function",
            "name": "loadKeys",
            "printedName": "loadKeys()",
            "children": [
              {
                "kind": "TypeNominal",
                "name": "Result",
                "printedName": "Swift.Result<(), HybridlocSDK.HybridlocClientError>",
                "children": [
                  {
                    "kind": "TypeNominal",
                    "name": "Void",
                    "printedName": "()"
                  },
                  {
                    "kind": "TypeNominal",
                    "name": "HybridlocClientError",
                    "printedName": "HybridlocSDK.HybridlocClientError",
                    "usr": "s:12HybridlocSDK0A11ClientErrorO"
                  }
                ],
                "usr": "s:s6ResultO"
              }
            ],
            "declKind": "Func",
            "usr": "s:12HybridlocSDK0A6ClientC8loadKeyss6ResultOyytAA0aC5ErrorOGyYaF",
            "mangledName": "$s12HybridlocSDK0A6ClientC8loadKeyss6ResultOyytAA0aC5ErrorOGyYaF",
            "moduleName": "HybridlocSDK",
            "declAttributes": [
              "Final",
              "AccessControl",
              "RawDocComment"
            ],
            "funcSelfKind": "NonMutating"
          },
          {
            "kind": "Function",
            "name": "openLock",
            "printedName": "openLock()",
            "children": [
              {
                "kind": "TypeNominal",
                "name": "Result",
                "printedName": "Swift.Result<(), HybridlocSDK.HybridlocClientError>",
                "children": [
                  {
                    "kind": "TypeNominal",
                    "name": "Void",
                    "printedName": "()"
                  },
                  {
                    "kind": "TypeNominal",
                    "name": "HybridlocClientError",
                    "printedName": "HybridlocSDK.HybridlocClientError",
                    "usr": "s:12HybridlocSDK0A11ClientErrorO"
                  }
                ],
                "usr": "s:s6ResultO"
              }
            ],
            "declKind": "Func",
            "usr": "s:12HybridlocSDK0A6ClientC8openLocks6ResultOyytAA0aC5ErrorOGyYaF",
            "mangledName": "$s12HybridlocSDK0A6ClientC8openLocks6ResultOyytAA0aC5ErrorOGyYaF",
            "moduleName": "HybridlocSDK",
            "declAttributes": [
              "Final",
              "AccessControl",
              "RawDocComment"
            ],
            "funcSelfKind": "NonMutating"
          },
          {
            "kind": "Function",
            "name": "cancelLockOpening",
            "printedName": "cancelLockOpening()",
            "children": [
              {
                "kind": "TypeNominal",
                "name": "Void",
                "printedName": "()"
              }
            ],
            "declKind": "Func",
            "usr": "s:12HybridlocSDK0A6ClientC17cancelLockOpeningyyF",
            "mangledName": "$s12HybridlocSDK0A6ClientC17cancelLockOpeningyyF",
            "moduleName": "HybridlocSDK",
            "declAttributes": [
              "Final",
              "AccessControl",
              "RawDocComment"
            ],
            "funcSelfKind": "NonMutating"
          }
        ],
        "declKind": "Class",
        "usr": "s:12HybridlocSDK0A6ClientC",
        "mangledName": "$s12HybridlocSDK0A6ClientC",
        "moduleName": "HybridlocSDK",
        "declAttributes": [
          "Final",
          "AccessControl",
          "RawDocComment"
        ],
        "hasMissingDesignatedInitializers": true
      },
      {
        "kind": "TypeDecl",
        "name": "HybridlocClientError",
        "printedName": "HybridlocClientError",
        "children": [
          {
            "kind": "Var",
            "name": "usageError",
            "printedName": "usageError",
            "children": [
              {
                "kind": "TypeFunc",
                "name": "Function",
                "printedName": "(HybridlocSDK.HybridlocClientError.Type) -> (Swift.String) -> HybridlocSDK.HybridlocClientError",
                "children": [
                  {
                    "kind": "TypeFunc",
                    "name": "Function",
                    "printedName": "(Swift.String) -> HybridlocSDK.HybridlocClientError",
                    "children": [
                      {
                        "kind": "TypeNominal",
                        "name": "HybridlocClientError",
                        "printedName": "HybridlocSDK.HybridlocClientError",
                        "usr": "s:12HybridlocSDK0A11ClientErrorO"
                      },
                      {
                        "kind": "TypeNominal",
                        "name": "String",
                        "printedName": "Swift.String",
                        "usr": "s:SS"
                      }
                    ]
                  },
                  {
                    "kind": "TypeNominal",
                    "name": "Metatype",
                    "printedName": "HybridlocSDK.HybridlocClientError.Type",
                    "children": [
                      {
                        "kind": "TypeNominal",
                        "name": "HybridlocClientError",
                        "printedName": "HybridlocSDK.HybridlocClientError",
                        "usr": "s:12HybridlocSDK0A11ClientErrorO"
                      }
                    ]
                  }
                ]
              }
            ],
            "declKind": "EnumElement",
            "usr": "s:12HybridlocSDK0A11ClientErrorO05usageD0yACSScACmF",
            "mangledName": "$s12HybridlocSDK0A11ClientErrorO05usageD0yACSScACmF",
            "moduleName": "HybridlocSDK",
            "declAttributes": [
              "RawDocComment"
            ]
          },
          {
            "kind": "Var",
            "name": "keyLoadingFailed",
            "printedName": "keyLoadingFailed",
            "children": [
              {
                "kind": "TypeFunc",
                "name": "Function",
                "printedName": "(HybridlocSDK.HybridlocClientError.Type) -> (Swift.String) -> HybridlocSDK.HybridlocClientError",
                "children": [
                  {
                    "kind": "TypeFunc",
                    "name": "Function",
                    "printedName": "(Swift.String) -> HybridlocSDK.HybridlocClientError",
                    "children": [
                      {
                        "kind": "TypeNominal",
                        "name": "HybridlocClientError",
                        "printedName": "HybridlocSDK.HybridlocClientError",
                        "usr": "s:12HybridlocSDK0A11ClientErrorO"
                      },
                      {
                        "kind": "TypeNominal",
                        "name": "String",
                        "printedName": "Swift.String",
                        "usr": "s:SS"
                      }
                    ]
                  },
                  {
                    "kind": "TypeNominal",
                    "name": "Metatype",
                    "printedName": "HybridlocSDK.HybridlocClientError.Type",
                    "children": [
                      {
                        "kind": "TypeNominal",
                        "name": "HybridlocClientError",
                        "printedName": "HybridlocSDK.HybridlocClientError",
                        "usr": "s:12HybridlocSDK0A11ClientErrorO"
                      }
                    ]
                  }
                ]
              }
            ],
            "declKind": "EnumElement",
            "usr": "s:12HybridlocSDK0A11ClientErrorO16keyLoadingFailedyACSScACmF",
            "mangledName": "$s12HybridlocSDK0A11ClientErrorO16keyLoadingFailedyACSScACmF",
            "moduleName": "HybridlocSDK"
          },
          {
            "kind": "Var",
            "name": "unlockingFailed",
            "printedName": "unlockingFailed",
            "children": [
              {
                "kind": "TypeFunc",
                "name": "Function",
                "printedName": "(HybridlocSDK.HybridlocClientError.Type) -> (Swift.String) -> HybridlocSDK.HybridlocClientError",
                "children": [
                  {
                    "kind": "TypeFunc",
                    "name": "Function",
                    "printedName": "(Swift.String) -> HybridlocSDK.HybridlocClientError",
                    "children": [
                      {
                        "kind": "TypeNominal",
                        "name": "HybridlocClientError",
                        "printedName": "HybridlocSDK.HybridlocClientError",
                        "usr": "s:12HybridlocSDK0A11ClientErrorO"
                      },
                      {
                        "kind": "TypeNominal",
                        "name": "String",
                        "printedName": "Swift.String",
                        "usr": "s:SS"
                      }
                    ]
                  },
                  {
                    "kind": "TypeNominal",
                    "name": "Metatype",
                    "printedName": "HybridlocSDK.HybridlocClientError.Type",
                    "children": [
                      {
                        "kind": "TypeNominal",
                        "name": "HybridlocClientError",
                        "printedName": "HybridlocSDK.HybridlocClientError",
                        "usr": "s:12HybridlocSDK0A11ClientErrorO"
                      }
                    ]
                  }
                ]
              }
            ],
            "declKind": "EnumElement",
            "usr": "s:12HybridlocSDK0A11ClientErrorO15unlockingFailedyACSScACmF",
            "mangledName": "$s12HybridlocSDK0A11ClientErrorO15unlockingFailedyACSScACmF",
            "moduleName": "HybridlocSDK"
          },
          {
            "kind": "Var",
            "name": "cancelled",
            "printedName": "cancelled",
            "children": [
              {
                "kind": "TypeFunc",
                "name": "Function",
                "printedName": "(HybridlocSDK.HybridlocClientError.Type) -> HybridlocSDK.HybridlocClientError",
                "children": [
                  {
                    "kind": "TypeNominal",
                    "name": "HybridlocClientError",
                    "printedName": "HybridlocSDK.HybridlocClientError",
                    "usr": "s:12HybridlocSDK0A11ClientErrorO"
                  },
                  {
                    "kind": "TypeNominal",
                    "name": "Metatype",
                    "printedName": "HybridlocSDK.HybridlocClientError.Type",
                    "children": [
                      {
                        "kind": "TypeNominal",
                        "name": "HybridlocClientError",
                        "printedName": "HybridlocSDK.HybridlocClientError",
                        "usr": "s:12HybridlocSDK0A11ClientErrorO"
                      }
                    ]
                  }
                ]
              }
            ],
            "declKind": "EnumElement",
            "usr": "s:12HybridlocSDK0A11ClientErrorO9cancelledyA2CmF",
            "mangledName": "$s12HybridlocSDK0A11ClientErrorO9cancelledyA2CmF",
            "moduleName": "HybridlocSDK"
          },
          {
            "kind": "Var",
            "name": "processAlreadyRunning",
            "printedName": "processAlreadyRunning",
            "children": [
              {
                "kind": "TypeFunc",
                "name": "Function",
                "printedName": "(HybridlocSDK.HybridlocClientError.Type) -> HybridlocSDK.HybridlocClientError",
                "children": [
                  {
                    "kind": "TypeNominal",
                    "name": "HybridlocClientError",
                    "printedName": "HybridlocSDK.HybridlocClientError",
                    "usr": "s:12HybridlocSDK0A11ClientErrorO"
                  },
                  {
                    "kind": "TypeNominal",
                    "name": "Metatype",
                    "printedName": "HybridlocSDK.HybridlocClientError.Type",
                    "children": [
                      {
                        "kind": "TypeNominal",
                        "name": "HybridlocClientError",
                        "printedName": "HybridlocSDK.HybridlocClientError",
                        "usr": "s:12HybridlocSDK0A11ClientErrorO"
                      }
                    ]
                  }
                ]
              }
            ],
            "declKind": "EnumElement",
            "usr": "s:12HybridlocSDK0A11ClientErrorO21processAlreadyRunningyA2CmF",
            "mangledName": "$s12HybridlocSDK0A11ClientErrorO21processAlreadyRunningyA2CmF",
            "moduleName": "HybridlocSDK"
          },
          {
            "kind": "Var",
            "name": "initializationError",
            "printedName": "initializationError",
            "children": [
              {
                "kind": "TypeNominal",
                "name": "HybridlocClientError",
                "printedName": "HybridlocSDK.HybridlocClientError",
                "usr": "s:12HybridlocSDK0A11ClientErrorO"
              }
            ],
            "declKind": "Var",
            "usr": "s:12HybridlocSDK0A11ClientErrorO014initializationD0ACvpZ",
            "mangledName": "$s12HybridlocSDK0A11ClientErrorO014initializationD0ACvpZ",
            "moduleName": "HybridlocSDK",
            "static": true,
            "declAttributes": [
              "HasInitialValue",
              "HasStorage",
              "AccessControl",
              "RawDocComment"
            ],
            "hasStorage": true,
            "accessors": [
              {
                "kind": "Accessor",
                "name": "Get",
                "printedName": "Get()",
                "children": [
                  {
                    "kind": "TypeNominal",
                    "name": "HybridlocClientError",
                    "printedName": "HybridlocSDK.HybridlocClientError",
                    "usr": "s:12HybridlocSDK0A11ClientErrorO"
                  }
                ],
                "declKind": "Accessor",
                "usr": "s:12HybridlocSDK0A11ClientErrorO014initializationD0ACvgZ",
                "mangledName": "$s12HybridlocSDK0A11ClientErrorO014initializationD0ACvgZ",
                "moduleName": "HybridlocSDK",
                "static": true,
                "implicit": true,
                "accessorKind": "get"
              },
              {
                "kind": "Accessor",
                "name": "Set",
                "printedName": "Set()",
                "children": [
                  {
                    "kind": "TypeNominal",
                    "name": "Void",
                    "printedName": "()"
                  },
                  {
                    "kind": "TypeNominal",
                    "name": "HybridlocClientError",
                    "printedName": "HybridlocSDK.HybridlocClientError",
                    "usr": "s:12HybridlocSDK0A11ClientErrorO"
                  }
                ],
                "declKind": "Accessor",
                "usr": "s:12HybridlocSDK0A11ClientErrorO014initializationD0ACvsZ",
                "mangledName": "$s12HybridlocSDK0A11ClientErrorO014initializationD0ACvsZ",
                "moduleName": "HybridlocSDK",
                "static": true,
                "implicit": true,
                "accessorKind": "set"
              },
              {
                "kind": "Accessor",
                "name": "Modify",
                "printedName": "Modify()",
                "children": [
                  {
                    "kind": "TypeNominal",
                    "name": "Void",
                    "printedName": "()"
                  }
                ],
                "declKind": "Accessor",
                "usr": "s:12HybridlocSDK0A11ClientErrorO014initializationD0ACvMZ",
                "mangledName": "$s12HybridlocSDK0A11ClientErrorO014initializationD0ACvMZ",
                "moduleName": "HybridlocSDK",
                "static": true,
                "implicit": true,
                "accessorKind": "_modify"
              }
            ]
          },
          {
            "kind": "Var",
            "name": "errorDescription",
            "printedName": "errorDescription",
            "children": [
              {
                "kind": "TypeNominal",
                "name": "Optional",
                "printedName": "Swift.String?",
                "children": [
                  {
                    "kind": "TypeNominal",
                    "name": "String",
                    "printedName": "Swift.String",
                    "usr": "s:SS"
                  }
                ],
                "usr": "s:Sq"
              }
            ],
            "declKind": "Var",
            "usr": "s:12HybridlocSDK0A11ClientErrorO16errorDescriptionSSSgvp",
            "mangledName": "$s12HybridlocSDK0A11ClientErrorO16errorDescriptionSSSgvp",
            "moduleName": "HybridlocSDK",
            "declAttributes": [
              "AccessControl"
            ],
            "accessors": [
              {
                "kind": "Accessor",
                "name": "Get",
                "printedName": "Get()",
                "children": [
                  {
                    "kind": "TypeNominal",
                    "name": "Optional",
                    "printedName": "Swift.String?",
                    "children": [
                      {
                        "kind": "TypeNominal",
                        "name": "String",
                        "printedName": "Swift.String",
                        "usr": "s:SS"
                      }
                    ],
                    "usr": "s:Sq"
                  }
                ],
                "declKind": "Accessor",
                "usr": "s:12HybridlocSDK0A11ClientErrorO16errorDescriptionSSSgvg",
                "mangledName": "$s12HybridlocSDK0A11ClientErrorO16errorDescriptionSSSgvg",
                "moduleName": "HybridlocSDK",
                "accessorKind": "get"
              }
            ]
          },
          {
            "kind": "Function",
            "name": "==",
            "printedName": "==(_:_:)",
            "children": [
              {
                "kind": "TypeNominal",
                "name": "Bool",
                "printedName": "Swift.Bool",
                "usr": "s:Sb"
              },
              {
                "kind": "TypeNominal",
                "name": "HybridlocClientError",
                "printedName": "HybridlocSDK.HybridlocClientError",
                "usr": "s:12HybridlocSDK0A11ClientErrorO"
              },
              {
                "kind": "TypeNominal",
                "name": "HybridlocClientError",
                "printedName": "HybridlocSDK.HybridlocClientError",
                "usr": "s:12HybridlocSDK0A11ClientErrorO"
              }
            ],
            "declKind": "Func",
            "usr": "s:12HybridlocSDK0A11ClientErrorO2eeoiySbAC_ACtFZ",
            "mangledName": "$s12HybridlocSDK0A11ClientErrorO2eeoiySbAC_ACtFZ",
            "moduleName": "HybridlocSDK",
            "static": true,
            "implicit": true,
            "funcSelfKind": "NonMutating"
          }
        ],
        "declKind": "Enum",
        "usr": "s:12HybridlocSDK0A11ClientErrorO",
        "mangledName": "$s12HybridlocSDK0A11ClientErrorO",
        "moduleName": "HybridlocSDK",
        "declAttributes": [
          "AccessControl",
          "RawDocComment"
        ],
        "conformances": [
          {
            "kind": "Conformance",
            "name": "LocalizedError",
            "printedName": "LocalizedError",
            "usr": "s:10Foundation14LocalizedErrorP",
            "mangledName": "$s10Foundation14LocalizedErrorP"
          },
          {
            "kind": "Conformance",
            "name": "Equatable",
            "printedName": "Equatable",
            "usr": "s:SQ",
            "mangledName": "$sSQ"
          },
          {
            "kind": "Conformance",
            "name": "Error",
            "printedName": "Error",
            "usr": "s:s5ErrorP",
            "mangledName": "$ss5ErrorP"
          },
          {
            "kind": "Conformance",
            "name": "Sendable",
            "printedName": "Sendable",
            "usr": "s:s8SendableP",
            "mangledName": "$ss8SendableP"
          }
        ]
      },
      {
        "kind": "Import",
        "name": "Foundation",
        "printedName": "Foundation",
        "declKind": "Import",
        "moduleName": "HybridlocSDK",
        "declAttributes": [
          "RawDocComment"
        ]
      },
      {
        "kind": "Import",
        "name": "Foundation",
        "printedName": "Foundation",
        "declKind": "Import",
        "moduleName": "HybridlocSDK",
        "declAttributes": [
          "RawDocComment"
        ]
      },
      {
        "kind": "Import",
        "name": "CommonCrypto",
        "printedName": "CommonCrypto",
        "declKind": "Import",
        "moduleName": "HybridlocSDK",
        "declAttributes": [
          "RawDocComment"
        ]
      },
      {
        "kind": "Import",
        "name": "Foundation",
        "printedName": "Foundation",
        "declKind": "Import",
        "moduleName": "HybridlocSDK",
        "declAttributes": [
          "RawDocComment"
        ]
      },
      {
        "kind": "Import",
        "name": "Foundation",
        "printedName": "Foundation",
        "declKind": "Import",
        "moduleName": "HybridlocSDK",
        "declAttributes": [
          "RawDocComment"
        ]
      },
      {
        "kind": "Import",
        "name": "CryptoKit",
        "printedName": "CryptoKit",
        "declKind": "Import",
        "moduleName": "HybridlocSDK",
        "declAttributes": [
          "RawDocComment"
        ]
      },
      {
        "kind": "Import",
        "name": "Foundation",
        "printedName": "Foundation",
        "declKind": "Import",
        "moduleName": "HybridlocSDK",
        "declAttributes": [
          "RawDocComment"
        ]
      },
      {
        "kind": "Import",
        "name": "Foundation",
        "printedName": "Foundation",
        "declKind": "Import",
        "moduleName": "HybridlocSDK",
        "declAttributes": [
          "RawDocComment"
        ]
      },
      {
        "kind": "Import",
        "name": "CoreNFC",
        "printedName": "CoreNFC",
        "declKind": "Import",
        "moduleName": "HybridlocSDK",
        "declAttributes": [
          "RawDocComment"
        ]
      }
    ],
    "json_format_version": 8
  },
  "ConstValues": [
    {
      "filePath": "\/Users\/hetzner\/buildAgent\/work\/81778e30852256d6\/HybridlocSDK\/Sources\/Util\/Data+Extension.swift",
      "kind": "BooleanLiteral",
      "offset": 456,
      "length": 4,
      "value": "true"
    },
    {
      "filePath": "\/Users\/hetzner\/buildAgent\/work\/81778e30852256d6\/HybridlocSDK\/Sources\/Util\/Data+Extension.swift",
      "kind": "StringLiteral",
      "offset": 507,
      "length": 8,
      "value": "\"%02hhX\""
    },
    {
      "filePath": "\/Users\/hetzner\/buildAgent\/work\/81778e30852256d6\/HybridlocSDK\/Sources\/Util\/Data+Extension.swift",
      "kind": "StringLiteral",
      "offset": 518,
      "length": 8,
      "value": "\"%02hhx\""
    },
    {
      "filePath": "\/Users\/hetzner\/buildAgent\/work\/81778e30852256d6\/HybridlocSDK\/Sources\/Main\/HybridlocClient.swift",
      "kind": "BooleanLiteral",
      "offset": 748,
      "length": 5,
      "value": "false"
    },
    {
      "filePath": "\/Users\/hetzner\/buildAgent\/work\/81778e30852256d6\/HybridlocSDK\/Sources\/Main\/HybridlocClient.swift",
      "kind": "StringLiteral",
      "offset": 934,
      "length": 2,
      "value": "\"\""
    },
    {
      "filePath": "\/Users\/hetzner\/buildAgent\/work\/81778e30852256d6\/HybridlocSDK\/Sources\/Main\/HybridlocClient.swift",
      "kind": "IntegerLiteral",
      "offset": 1535,
      "length": 1,
      "value": "0"
    },
    {
      "filePath": "\/Users\/hetzner\/buildAgent\/work\/81778e30852256d6\/HybridlocSDK\/Sources\/Main\/HybridlocClient.swift",
      "kind": "BooleanLiteral",
      "offset": 1714,
      "length": 5,
      "value": "false"
    },
    {
      "filePath": "\/Users\/hetzner\/buildAgent\/work\/81778e30852256d6\/HybridlocSDK\/Sources\/Main\/HybridlocClient.swift",
      "kind": "IntegerLiteral",
      "offset": 2091,
      "length": 1,
      "value": "0"
    },
    {
      "filePath": "\/Users\/hetzner\/buildAgent\/work\/81778e30852256d6\/HybridlocSDK\/Sources\/Main\/HybridlocClient.swift",
      "kind": "IntegerLiteral",
      "offset": 2199,
      "length": 1,
      "value": "1"
    },
    {
      "filePath": "\/Users\/hetzner\/buildAgent\/work\/81778e30852256d6\/HybridlocSDK\/Sources\/Main\/HybridlocClient.swift",
      "kind": "StringLiteral",
      "offset": 2376,
      "length": 29,
      "value": "\"Initialized HybridlocClient\""
    },
    {
      "filePath": "\/Users\/hetzner\/buildAgent\/work\/81778e30852256d6\/HybridlocSDK\/Sources\/Main\/HybridlocClient.swift",
      "kind": "IntegerLiteral",
      "offset": 2461,
      "length": 1,
      "value": "1"
    },
    {
      "filePath": "\/Users\/hetzner\/buildAgent\/work\/81778e30852256d6\/HybridlocSDK\/Sources\/Main\/HybridlocClient.swift",
      "kind": "StringLiteral",
      "offset": 4202,
      "length": 28,
      "value": "\"Successfully received keys\""
    },
    {
      "filePath": "\/Users\/hetzner\/buildAgent\/work\/81778e30852256d6\/HybridlocSDK\/Sources\/Main\/HybridlocClient.swift",
      "kind": "StringLiteral",
      "offset": 4384,
      "length": 20,
      "value": "\"Saved keys locally\""
    },
    {
      "filePath": "\/Users\/hetzner\/buildAgent\/work\/81778e30852256d6\/HybridlocSDK\/Sources\/Main\/HybridlocClient.swift",
      "kind": "StringLiteral",
      "offset": 4500,
      "length": 30,
      "value": "\"Unable to store keys locally\""
    },
    {
      "filePath": "\/Users\/hetzner\/buildAgent\/work\/81778e30852256d6\/HybridlocSDK\/Sources\/Main\/HybridlocClient.swift",
      "kind": "StringLiteral",
      "offset": 4688,
      "length": 32,
      "value": "\"Unable to get keys from remote\""
    },
    {
      "filePath": "\/Users\/hetzner\/buildAgent\/work\/81778e30852256d6\/HybridlocSDK\/Sources\/Main\/HybridlocClient.swift",
      "kind": "BooleanLiteral",
      "offset": 5100,
      "length": 5,
      "value": "false"
    },
    {
      "filePath": "\/Users\/hetzner\/buildAgent\/work\/81778e30852256d6\/HybridlocSDK\/Sources\/Main\/HybridlocClient.swift",
      "kind": "BooleanLiteral",
      "offset": 5332,
      "length": 5,
      "value": "false"
    },
    {
      "filePath": "\/Users\/hetzner\/buildAgent\/work\/81778e30852256d6\/HybridlocSDK\/Sources\/Main\/HybridlocClient.swift",
      "kind": "BooleanLiteral",
      "offset": 5964,
      "length": 5,
      "value": "false"
    },
    {
      "filePath": "\/Users\/hetzner\/buildAgent\/work\/81778e30852256d6\/HybridlocSDK\/Sources\/Main\/HybridlocClient.swift",
      "kind": "BooleanLiteral",
      "offset": 6095,
      "length": 4,
      "value": "true"
    },
    {
      "filePath": "\/Users\/hetzner\/buildAgent\/work\/81778e30852256d6\/HybridlocSDK\/Sources\/Remote\/WanzlDigitalLockApiError.swift",
      "kind": "StringLiteral",
      "offset": 472,
      "length": 52,
      "value": "\"authorizationRequestFailed: \""
    },
    {
      "filePath": "\/Users\/hetzner\/buildAgent\/work\/81778e30852256d6\/HybridlocSDK\/Sources\/Remote\/WanzlDigitalLockApiError.swift",
      "kind": "StringLiteral",
      "offset": 523,
      "length": 1,
      "value": "\"\""
    },
    {
      "filePath": "\/Users\/hetzner\/buildAgent\/work\/81778e30852256d6\/HybridlocSDK\/Sources\/Remote\/WanzlDigitalLockApiError.swift",
      "kind": "StringLiteral",
      "offset": 595,
      "length": 50,
      "value": "\"digitalKeyFetchingFailed: \""
    },
    {
      "filePath": "\/Users\/hetzner\/buildAgent\/work\/81778e30852256d6\/HybridlocSDK\/Sources\/Remote\/WanzlDigitalLockApiError.swift",
      "kind": "StringLiteral",
      "offset": 644,
      "length": 1,
      "value": "\"\""
    },
    {
      "filePath": "\/Users\/hetzner\/buildAgent\/work\/81778e30852256d6\/HybridlocSDK\/Sources\/Remote\/WanzlDigitalLockApiError.swift",
      "kind": "StringLiteral",
      "offset": 690,
      "length": 11,
      "value": "\"cancelled\""
    },
    {
      "filePath": "\/Users\/hetzner\/buildAgent\/work\/81778e30852256d6\/HybridlocSDK\/Sources\/Remote\/WanzlDigitalLockApiError.swift",
      "kind": "StringLiteral",
      "offset": 1206,
      "length": 22,
      "value": "\"noInternetConnection\""
    },
    {
      "filePath": "\/Users\/hetzner\/buildAgent\/work\/81778e30852256d6\/HybridlocSDK\/Sources\/Remote\/WanzlDigitalLockApiError.swift",
      "kind": "StringLiteral",
      "offset": 1282,
      "length": 12,
      "value": "\"badRequest\""
    },
    {
      "filePath": "\/Users\/hetzner\/buildAgent\/work\/81778e30852256d6\/HybridlocSDK\/Sources\/Remote\/WanzlDigitalLockApiError.swift",
      "kind": "StringLiteral",
      "offset": 1357,
      "length": 21,
      "value": "\"internalServerError\""
    },
    {
      "filePath": "\/Users\/hetzner\/buildAgent\/work\/81778e30852256d6\/HybridlocSDK\/Sources\/Remote\/WanzlDigitalLockApiError.swift",
      "kind": "StringLiteral",
      "offset": 1434,
      "length": 14,
      "value": "\"unauthorized\""
    },
    {
      "filePath": "\/Users\/hetzner\/buildAgent\/work\/81778e30852256d6\/HybridlocSDK\/Sources\/Remote\/WanzlDigitalLockApiError.swift",
      "kind": "StringLiteral",
      "offset": 1509,
      "length": 19,
      "value": "\"jsonDecodingError\""
    },
    {
      "filePath": "\/Users\/hetzner\/buildAgent\/work\/81778e30852256d6\/HybridlocSDK\/Sources\/Remote\/WanzlDigitalLockApiError.swift",
      "kind": "StringLiteral",
      "offset": 1588,
      "length": 18,
      "value": "\"dataLoadingError\""
    },
    {
      "filePath": "\/Users\/hetzner\/buildAgent\/work\/81778e30852256d6\/HybridlocSDK\/Sources\/Remote\/WanzlDigitalLockApiError.swift",
      "kind": "StringLiteral",
      "offset": 1670,
      "length": 22,
      "value": "\"responseParsingError\""
    },
    {
      "filePath": "\/Users\/hetzner\/buildAgent\/work\/81778e30852256d6\/HybridlocSDK\/Sources\/Remote\/WanzlDigitalLockApiError.swift",
      "kind": "StringLiteral",
      "offset": 1756,
      "length": 22,
      "value": "\"unexpectedStatusCode\""
    },
    {
      "filePath": "\/Users\/hetzner\/buildAgent\/work\/81778e30852256d6\/HybridlocSDK\/Sources\/Remote\/WanzlDigitalLockApiError.swift",
      "kind": "StringLiteral",
      "offset": 1831,
      "length": 11,
      "value": "\"cancelled\""
    },
    {
      "filePath": "\/Users\/hetzner\/buildAgent\/work\/81778e30852256d6\/HybridlocSDK\/Sources\/Remote\/WanzlDigitalLockApiError.swift",
      "kind": "BooleanLiteral",
      "offset": 2112,
      "length": 4,
      "value": "true"
    },
    {
      "filePath": "\/Users\/hetzner\/buildAgent\/work\/81778e30852256d6\/HybridlocSDK\/Sources\/Remote\/WanzlDigitalLockApiError.swift",
      "kind": "BooleanLiteral",
      "offset": 2185,
      "length": 4,
      "value": "true"
    },
    {
      "filePath": "\/Users\/hetzner\/buildAgent\/work\/81778e30852256d6\/HybridlocSDK\/Sources\/Remote\/WanzlDigitalLockApiError.swift",
      "kind": "BooleanLiteral",
      "offset": 2276,
      "length": 4,
      "value": "true"
    },
    {
      "filePath": "\/Users\/hetzner\/buildAgent\/work\/81778e30852256d6\/HybridlocSDK\/Sources\/Remote\/WanzlDigitalLockApiError.swift",
      "kind": "StringLiteral",
      "offset": 2508,
      "length": 13,
      "value": "\"\""
    },
    {
      "filePath": "\/Users\/hetzner\/buildAgent\/work\/81778e30852256d6\/HybridlocSDK\/Sources\/Remote\/WanzlDigitalLockApiError.swift",
      "kind": "StringLiteral",
      "offset": 2520,
      "length": 6,
      "value": "\"\""
    },
    {
      "filePath": "\/Users\/hetzner\/buildAgent\/work\/81778e30852256d6\/HybridlocSDK\/Sources\/Remote\/WanzlDigitalLockApiError.swift",
      "kind": "StringLiteral",
      "offset": 2525,
      "length": 13,
      "value": "\"\""
    },
    {
      "filePath": "\/Users\/hetzner\/buildAgent\/work\/81778e30852256d6\/HybridlocSDK\/Sources\/Remote\/WanzlDigitalLockApiError.swift",
      "kind": "StringLiteral",
      "offset": 2537,
      "length": 1,
      "value": "\"\""
    },
    {
      "filePath": "\/Users\/hetzner\/buildAgent\/work\/81778e30852256d6\/HybridlocSDK\/Sources\/Remote\/WanzlDigitalLockApiError.swift",
      "kind": "StringLiteral",
      "offset": 2643,
      "length": 13,
      "value": "\"\""
    },
    {
      "filePath": "\/Users\/hetzner\/buildAgent\/work\/81778e30852256d6\/HybridlocSDK\/Sources\/Remote\/WanzlDigitalLockApiError.swift",
      "kind": "StringLiteral",
      "offset": 2655,
      "length": 6,
      "value": "\"\""
    },
    {
      "filePath": "\/Users\/hetzner\/buildAgent\/work\/81778e30852256d6\/HybridlocSDK\/Sources\/Remote\/WanzlDigitalLockApiError.swift",
      "kind": "StringLiteral",
      "offset": 2660,
      "length": 13,
      "value": "\"\""
    },
    {
      "filePath": "\/Users\/hetzner\/buildAgent\/work\/81778e30852256d6\/HybridlocSDK\/Sources\/Remote\/WanzlDigitalLockApiError.swift",
      "kind": "StringLiteral",
      "offset": 2672,
      "length": 1,
      "value": "\"\""
    },
    {
      "filePath": "\/Users\/hetzner\/buildAgent\/work\/81778e30852256d6\/HybridlocSDK\/Sources\/Remote\/WanzlDigitalLockApiError.swift",
      "kind": "BooleanLiteral",
      "offset": 2762,
      "length": 4,
      "value": "true"
    },
    {
      "filePath": "\/Users\/hetzner\/buildAgent\/work\/81778e30852256d6\/HybridlocSDK\/Sources\/Remote\/WanzlDigitalLockApiError.swift",
      "kind": "BooleanLiteral",
      "offset": 2962,
      "length": 4,
      "value": "true"
    },
    {
      "filePath": "\/Users\/hetzner\/buildAgent\/work\/81778e30852256d6\/HybridlocSDK\/Sources\/Remote\/WanzlDigitalLockApiError.swift",
      "kind": "BooleanLiteral",
      "offset": 3011,
      "length": 5,
      "value": "false"
    },
    {
      "filePath": "\/Users\/hetzner\/buildAgent\/work\/81778e30852256d6\/HybridlocSDK\/Sources\/Local\/KeychainManager\/KeychainManagerError.swift",
      "kind": "StringLiteral",
      "offset": 393,
      "length": 12,
      "value": "\"noPassword\""
    },
    {
      "filePath": "\/Users\/hetzner\/buildAgent\/work\/81778e30852256d6\/HybridlocSDK\/Sources\/Local\/KeychainManager\/KeychainManagerError.swift",
      "kind": "StringLiteral",
      "offset": 463,
      "length": 24,
      "value": "\"unexpectedPasswordData\""
    },
    {
      "filePath": "\/Users\/hetzner\/buildAgent\/work\/81778e30852256d6\/HybridlocSDK\/Sources\/Local\/KeychainManager\/KeychainManagerError.swift",
      "kind": "StringLiteral",
      "offset": 549,
      "length": 27,
      "value": "\"unhandledError: \""
    },
    {
      "filePath": "\/Users\/hetzner\/buildAgent\/work\/81778e30852256d6\/HybridlocSDK\/Sources\/Local\/KeychainManager\/KeychainManagerError.swift",
      "kind": "StringLiteral",
      "offset": 575,
      "length": 1,
      "value": "\"\""
    },
    {
      "filePath": "\/Users\/hetzner\/buildAgent\/work\/81778e30852256d6\/HybridlocSDK\/Sources\/Main\/HybridlocClientError.swift",
      "kind": "StringLiteral",
      "offset": 604,
      "length": 526,
      "value": "\"Only one active instance of HybridlocClient is allowed. Please reuse created instances instead of creating new ones or consider deinitializing a created instance beforehand. Also be sure to not establish retain cycles between your code and instances of this class.\n\nBefore initializing a new instance of this class, please make sure to call cancelLockOpening()\non the old instance. Otherwise the old instance may leak!\""
    },
    {
      "filePath": "\/Users\/hetzner\/buildAgent\/work\/81778e30852256d6\/HybridlocSDK\/Sources\/Main\/HybridlocClientError.swift",
      "kind": "StringLiteral",
      "offset": 1265,
      "length": 28,
      "value": "\"usageError: \""
    },
    {
      "filePath": "\/Users\/hetzner\/buildAgent\/work\/81778e30852256d6\/HybridlocSDK\/Sources\/Main\/HybridlocClientError.swift",
      "kind": "StringLiteral",
      "offset": 1292,
      "length": 1,
      "value": "\"\""
    },
    {
      "filePath": "\/Users\/hetzner\/buildAgent\/work\/81778e30852256d6\/HybridlocSDK\/Sources\/Main\/HybridlocClientError.swift",
      "kind": "StringLiteral",
      "offset": 1362,
      "length": 34,
      "value": "\"keyLoadingFailed: \""
    },
    {
      "filePath": "\/Users\/hetzner\/buildAgent\/work\/81778e30852256d6\/HybridlocSDK\/Sources\/Main\/HybridlocClientError.swift",
      "kind": "StringLiteral",
      "offset": 1395,
      "length": 1,
      "value": "\"\""
    },
    {
      "filePath": "\/Users\/hetzner\/buildAgent\/work\/81778e30852256d6\/HybridlocSDK\/Sources\/Main\/HybridlocClientError.swift",
      "kind": "StringLiteral",
      "offset": 1464,
      "length": 33,
      "value": "\"unlockingFailed: \""
    },
    {
      "filePath": "\/Users\/hetzner\/buildAgent\/work\/81778e30852256d6\/HybridlocSDK\/Sources\/Main\/HybridlocClientError.swift",
      "kind": "StringLiteral",
      "offset": 1496,
      "length": 1,
      "value": "\"\""
    },
    {
      "filePath": "\/Users\/hetzner\/buildAgent\/work\/81778e30852256d6\/HybridlocSDK\/Sources\/Main\/HybridlocClientError.swift",
      "kind": "StringLiteral",
      "offset": 1542,
      "length": 11,
      "value": "\"cancelled\""
    },
    {
      "filePath": "\/Users\/hetzner\/buildAgent\/work\/81778e30852256d6\/HybridlocSDK\/Sources\/Main\/HybridlocClientError.swift",
      "kind": "StringLiteral",
      "offset": 1610,
      "length": 23,
      "value": "\"processAlreadyRunning\""
    },
    {
      "filePath": "\/Users\/hetzner\/buildAgent\/work\/81778e30852256d6\/HybridlocSDK\/Sources\/LockOpener\/LockOpenerError.swift",
      "kind": "StringLiteral",
      "offset": 586,
      "length": 17,
      "value": "\"invalidDeeplink\""
    },
    {
      "filePath": "\/Users\/hetzner\/buildAgent\/work\/81778e30852256d6\/HybridlocSDK\/Sources\/LockOpener\/LockOpenerError.swift",
      "kind": "StringLiteral",
      "offset": 653,
      "length": 16,
      "value": "\"noKeyForShopId\""
    },
    {
      "filePath": "\/Users\/hetzner\/buildAgent\/work\/81778e30852256d6\/HybridlocSDK\/Sources\/LockOpener\/LockOpenerError.swift",
      "kind": "StringLiteral",
      "offset": 720,
      "length": 17,
      "value": "\"encryptionError\""
    },
    {
      "filePath": "\/Users\/hetzner\/buildAgent\/work\/81778e30852256d6\/HybridlocSDK\/Sources\/LockOpener\/LockOpenerError.swift",
      "kind": "StringLiteral",
      "offset": 807,
      "length": 44,
      "value": "\"keyHandlingError: (\""
    },
    {
      "filePath": "\/Users\/hetzner\/buildAgent\/work\/81778e30852256d6\/HybridlocSDK\/Sources\/LockOpener\/LockOpenerError.swift",
      "kind": "StringLiteral",
      "offset": 849,
      "length": 1,
      "value": "\")\""
    },
    {
      "filePath": "\/Users\/hetzner\/buildAgent\/work\/81778e30852256d6\/HybridlocSDK\/Sources\/LockOpener\/LockOpenerError.swift",
      "kind": "StringLiteral",
      "offset": 906,
      "length": 36,
      "value": "\"nfcError: (\""
    },
    {
      "filePath": "\/Users\/hetzner\/buildAgent\/work\/81778e30852256d6\/HybridlocSDK\/Sources\/LockOpener\/LockOpenerError.swift",
      "kind": "StringLiteral",
      "offset": 940,
      "length": 1,
      "value": "\")\""
    },
    {
      "filePath": "\/Users\/hetzner\/buildAgent\/work\/81778e30852256d6\/HybridlocSDK\/Sources\/LockOpener\/LockOpenerError.swift",
      "kind": "StringLiteral",
      "offset": 987,
      "length": 11,
      "value": "\"cancelled\""
    },
    {
      "filePath": "\/Users\/hetzner\/buildAgent\/work\/81778e30852256d6\/HybridlocSDK\/Sources\/Local\/DeviceStorageManager\/DeviceStorageManagerError.swift",
      "kind": "StringLiteral",
      "offset": 477,
      "length": 18,
      "value": "\"fileManagerError\""
    },
    {
      "filePath": "\/Users\/hetzner\/buildAgent\/work\/81778e30852256d6\/HybridlocSDK\/Sources\/Local\/DeviceStorageManager\/DeviceStorageManagerError.swift",
      "kind": "StringLiteral",
      "offset": 554,
      "length": 38,
      "value": "\"writingError: \""
    },
    {
      "filePath": "\/Users\/hetzner\/buildAgent\/work\/81778e30852256d6\/HybridlocSDK\/Sources\/Local\/DeviceStorageManager\/DeviceStorageManagerError.swift",
      "kind": "StringLiteral",
      "offset": 591,
      "length": 1,
      "value": "\"\""
    },
    {
      "filePath": "\/Users\/hetzner\/buildAgent\/work\/81778e30852256d6\/HybridlocSDK\/Sources\/Local\/DeviceStorageManager\/DeviceStorageManagerError.swift",
      "kind": "StringLiteral",
      "offset": 651,
      "length": 38,
      "value": "\"readingError: \""
    },
    {
      "filePath": "\/Users\/hetzner\/buildAgent\/work\/81778e30852256d6\/HybridlocSDK\/Sources\/Local\/DeviceStorageManager\/DeviceStorageManagerError.swift",
      "kind": "StringLiteral",
      "offset": 688,
      "length": 1,
      "value": "\"\""
    },
    {
      "filePath": "\/Users\/hetzner\/buildAgent\/work\/81778e30852256d6\/HybridlocSDK\/Sources\/Local\/DeviceStorageManager\/DeviceStorageManagerError.swift",
      "kind": "BooleanLiteral",
      "offset": 863,
      "length": 4,
      "value": "true"
    },
    {
      "filePath": "\/Users\/hetzner\/buildAgent\/work\/81778e30852256d6\/HybridlocSDK\/Sources\/Local\/DeviceStorageManager\/DeviceStorageManagerError.swift",
      "kind": "StringLiteral",
      "offset": 956,
      "length": 13,
      "value": "\"\""
    },
    {
      "filePath": "\/Users\/hetzner\/buildAgent\/work\/81778e30852256d6\/HybridlocSDK\/Sources\/Local\/DeviceStorageManager\/DeviceStorageManagerError.swift",
      "kind": "StringLiteral",
      "offset": 968,
      "length": 6,
      "value": "\"\""
    },
    {
      "filePath": "\/Users\/hetzner\/buildAgent\/work\/81778e30852256d6\/HybridlocSDK\/Sources\/Local\/DeviceStorageManager\/DeviceStorageManagerError.swift",
      "kind": "StringLiteral",
      "offset": 973,
      "length": 13,
      "value": "\"\""
    },
    {
      "filePath": "\/Users\/hetzner\/buildAgent\/work\/81778e30852256d6\/HybridlocSDK\/Sources\/Local\/DeviceStorageManager\/DeviceStorageManagerError.swift",
      "kind": "StringLiteral",
      "offset": 985,
      "length": 1,
      "value": "\"\""
    },
    {
      "filePath": "\/Users\/hetzner\/buildAgent\/work\/81778e30852256d6\/HybridlocSDK\/Sources\/Local\/DeviceStorageManager\/DeviceStorageManagerError.swift",
      "kind": "StringLiteral",
      "offset": 1075,
      "length": 13,
      "value": "\"\""
    },
    {
      "filePath": "\/Users\/hetzner\/buildAgent\/work\/81778e30852256d6\/HybridlocSDK\/Sources\/Local\/DeviceStorageManager\/DeviceStorageManagerError.swift",
      "kind": "StringLiteral",
      "offset": 1087,
      "length": 6,
      "value": "\"\""
    },
    {
      "filePath": "\/Users\/hetzner\/buildAgent\/work\/81778e30852256d6\/HybridlocSDK\/Sources\/Local\/DeviceStorageManager\/DeviceStorageManagerError.swift",
      "kind": "StringLiteral",
      "offset": 1092,
      "length": 13,
      "value": "\"\""
    },
    {
      "filePath": "\/Users\/hetzner\/buildAgent\/work\/81778e30852256d6\/HybridlocSDK\/Sources\/Local\/DeviceStorageManager\/DeviceStorageManagerError.swift",
      "kind": "StringLiteral",
      "offset": 1104,
      "length": 1,
      "value": "\"\""
    },
    {
      "filePath": "\/Users\/hetzner\/buildAgent\/work\/81778e30852256d6\/HybridlocSDK\/Sources\/Local\/DeviceStorageManager\/DeviceStorageManagerError.swift",
      "kind": "BooleanLiteral",
      "offset": 1142,
      "length": 5,
      "value": "false"
    },
    {
      "filePath": "\/Users\/hetzner\/buildAgent\/work\/81778e30852256d6\/HybridlocSDK\/Sources\/Util\/Error+Extension.swift",
      "kind": "StringLiteral",
      "offset": 431,
      "length": 14,
      "value": "\"\""
    },
    {
      "filePath": "\/Users\/hetzner\/buildAgent\/work\/81778e30852256d6\/HybridlocSDK\/Sources\/Util\/Error+Extension.swift",
      "kind": "StringLiteral",
      "offset": 444,
      "length": 1,
      "value": "\"\""
    },
    {
      "filePath": "\/Users\/hetzner\/buildAgent\/work\/81778e30852256d6\/HybridlocSDK\/Sources\/Util\/Error+Extension.swift",
      "kind": "StringLiteral",
      "offset": 471,
      "length": 9,
      "value": "\"\""
    },
    {
      "filePath": "\/Users\/hetzner\/buildAgent\/work\/81778e30852256d6\/HybridlocSDK\/Sources\/Util\/Error+Extension.swift",
      "kind": "StringLiteral",
      "offset": 479,
      "length": 1,
      "value": "\"\""
    },
    {
      "filePath": "\/Users\/hetzner\/buildAgent\/work\/81778e30852256d6\/HybridlocSDK\/Sources\/Local\/KeychainManager\/KeychainManager.swift",
      "kind": "BooleanLiteral",
      "offset": 1540,
      "length": 4,
      "value": "true"
    },
    {
      "filePath": "\/Users\/hetzner\/buildAgent\/work\/81778e30852256d6\/HybridlocSDK\/Sources\/Local\/KeychainManager\/KeychainManager.swift",
      "kind": "BooleanLiteral",
      "offset": 2203,
      "length": 4,
      "value": "true"
    },
    {
      "filePath": "\/Users\/hetzner\/buildAgent\/work\/81778e30852256d6\/HybridlocSDK\/Sources\/Local\/KeychainManager\/KeychainManager.swift",
      "kind": "BooleanLiteral",
      "offset": 2247,
      "length": 4,
      "value": "true"
    },
    {
      "filePath": "\/Users\/hetzner\/buildAgent\/work\/81778e30852256d6\/HybridlocSDK\/Sources\/LockOpener\/LockOpener.swift",
      "kind": "StringLiteral",
      "offset": 1305,
      "length": 30,
      "value": "\"wanzl:\/\/trolley\/digitallock\/\""
    },
    {
      "filePath": "\/Users\/hetzner\/buildAgent\/work\/81778e30852256d6\/HybridlocSDK\/Sources\/LockOpener\/LockOpener.swift",
      "kind": "StringLiteral",
      "offset": 1416,
      "length": 4,
      "value": "\"v1\""
    },
    {
      "filePath": "\/Users\/hetzner\/buildAgent\/work\/81778e30852256d6\/HybridlocSDK\/Sources\/LockOpener\/LockOpener.swift",
      "kind": "StringLiteral",
      "offset": 1632,
      "length": 3,
      "value": "\"\/\""
    },
    {
      "filePath": "\/Users\/hetzner\/buildAgent\/work\/81778e30852256d6\/HybridlocSDK\/Sources\/LockOpener\/LockOpener.swift",
      "kind": "BooleanLiteral",
      "offset": 2189,
      "length": 5,
      "value": "false"
    },
    {
      "filePath": "\/Users\/hetzner\/buildAgent\/work\/81778e30852256d6\/HybridlocSDK\/Sources\/LockOpener\/LockOpener.swift",
      "kind": "BooleanLiteral",
      "offset": 2923,
      "length": 5,
      "value": "false"
    },
    {
      "filePath": "\/Users\/hetzner\/buildAgent\/work\/81778e30852256d6\/HybridlocSDK\/Sources\/LockOpener\/LockOpener.swift",
      "kind": "StringLiteral",
      "offset": 4398,
      "length": 6,
      "value": "\" .en\""
    },
    {
      "filePath": "\/Users\/hetzner\/buildAgent\/work\/81778e30852256d6\/HybridlocSDK\/Sources\/LockOpener\/LockOpener.swift",
      "kind": "BooleanLiteral",
      "offset": 4978,
      "length": 5,
      "value": "false"
    },
    {
      "filePath": "\/Users\/hetzner\/buildAgent\/work\/81778e30852256d6\/HybridlocSDK\/Sources\/LockOpener\/LockOpener.swift",
      "kind": "BooleanLiteral",
      "offset": 5042,
      "length": 4,
      "value": "true"
    },
    {
      "filePath": "\/Users\/hetzner\/buildAgent\/work\/81778e30852256d6\/HybridlocSDK\/Sources\/LockOpener\/LockOpener.swift",
      "kind": "IntegerLiteral",
      "offset": 5566,
      "length": 1,
      "value": "1"
    },
    {
      "filePath": "\/Users\/hetzner\/buildAgent\/work\/81778e30852256d6\/HybridlocSDK\/Sources\/LockOpener\/LockOpener.swift",
      "kind": "StringLiteral",
      "offset": 5650,
      "length": 3,
      "value": "\"\/\""
    },
    {
      "filePath": "\/Users\/hetzner\/buildAgent\/work\/81778e30852256d6\/HybridlocSDK\/Sources\/LockOpener\/LockOpener.swift",
      "kind": "IntegerLiteral",
      "offset": 5723,
      "length": 1,
      "value": "0"
    },
    {
      "filePath": "\/Users\/hetzner\/buildAgent\/work\/81778e30852256d6\/HybridlocSDK\/Sources\/LockOpener\/LockOpener.swift",
      "kind": "IntegerLiteral",
      "offset": 5776,
      "length": 1,
      "value": "1"
    },
    {
      "filePath": "\/Users\/hetzner\/buildAgent\/work\/81778e30852256d6\/HybridlocSDK\/Sources\/LockOpener\/LockOpener.swift",
      "kind": "StringLiteral",
      "offset": 5887,
      "length": 31,
      "value": "\"\""
    },
    {
      "filePath": "\/Users\/hetzner\/buildAgent\/work\/81778e30852256d6\/HybridlocSDK\/Sources\/LockOpener\/LockOpener.swift",
      "kind": "StringLiteral",
      "offset": 5901,
      "length": 1,
      "value": "\"{30:\""
    },
    {
      "filePath": "\/Users\/hetzner\/buildAgent\/work\/81778e30852256d6\/HybridlocSDK\/Sources\/LockOpener\/LockOpener.swift",
      "kind": "StringLiteral",
      "offset": 5916,
      "length": 1,
      "value": "\"}\""
    },
    {
      "filePath": "\/Users\/hetzner\/buildAgent\/work\/81778e30852256d6\/HybridlocSDK\/Sources\/Encryption\/UnlockCommandEncryptor.swift",
      "kind": "Array",
      "offset": 909,
      "length": 48,
      "value": "[0, 0, 0, 0, 0, 0, 0, 0, 0, 0, 0, 0, 0, 0, 0, 0]"
    },
    {
      "filePath": "\/Users\/hetzner\/buildAgent\/work\/81778e30852256d6\/HybridlocSDK\/Sources\/Encryption\/UnlockCommandEncryptor.swift",
      "kind": "IntegerLiteral",
      "offset": 1136,
      "length": 1,
      "value": "0"
    },
    {
      "filePath": "\/Users\/hetzner\/buildAgent\/work\/81778e30852256d6\/HybridlocSDK\/Sources\/Encryption\/UnlockCommandEncryptor.swift",
      "kind": "IntegerLiteral",
      "offset": 1181,
      "length": 1,
      "value": "0"
    },
    {
      "filePath": "\/Users\/hetzner\/buildAgent\/work\/81778e30852256d6\/HybridlocSDK\/Sources\/Remote\/Models\/DigitalKeys.swift",
      "kind": "Dictionary",
      "offset": 495,
      "length": 3,
      "value": "[]"
    },
    {
      "filePath": "\/Users\/hetzner\/buildAgent\/work\/81778e30852256d6\/HybridlocSDK\/Sources\/Remote\/Models\/DigitalKeys.swift",
      "kind": "StringLiteral",
      "offset": 523,
      "length": 2,
      "value": "\"\""
    },
    {
      "filePath": "\/Users\/hetzner\/buildAgent\/work\/81778e30852256d6\/HybridlocSDK\/Sources\/NfcService\/NfcServiceError.swift",
      "kind": "StringLiteral",
      "offset": 641,
      "length": 50,
      "value": "\"didInvalidateWithError: (\""
    },
    {
      "filePath": "\/Users\/hetzner\/buildAgent\/work\/81778e30852256d6\/HybridlocSDK\/Sources\/NfcService\/NfcServiceError.swift",
      "kind": "StringLiteral",
      "offset": 689,
      "length": 1,
      "value": "\")\""
    },
    {
      "filePath": "\/Users\/hetzner\/buildAgent\/work\/81778e30852256d6\/HybridlocSDK\/Sources\/NfcService\/NfcServiceError.swift",
      "kind": "StringLiteral",
      "offset": 741,
      "length": 16,
      "value": "\"notWritableTag\""
    },
    {
      "filePath": "\/Users\/hetzner\/buildAgent\/work\/81778e30852256d6\/HybridlocSDK\/Sources\/NfcService\/NfcServiceError.swift",
      "kind": "StringLiteral",
      "offset": 807,
      "length": 16,
      "value": "\"recordNotFound\""
    },
    {
      "filePath": "\/Users\/hetzner\/buildAgent\/work\/81778e30852256d6\/HybridlocSDK\/Sources\/NfcService\/NfcServiceError.swift",
      "kind": "StringLiteral",
      "offset": 882,
      "length": 40,
      "value": "\"readingError: (\""
    },
    {
      "filePath": "\/Users\/hetzner\/buildAgent\/work\/81778e30852256d6\/HybridlocSDK\/Sources\/NfcService\/NfcServiceError.swift",
      "kind": "StringLiteral",
      "offset": 920,
      "length": 1,
      "value": "\")\""
    },
    {
      "filePath": "\/Users\/hetzner\/buildAgent\/work\/81778e30852256d6\/HybridlocSDK\/Sources\/NfcService\/NfcServiceError.swift",
      "kind": "StringLiteral",
      "offset": 975,
      "length": 19,
      "value": "\"sessionOrTagIsNil\""
    },
    {
      "filePath": "\/Users\/hetzner\/buildAgent\/work\/81778e30852256d6\/HybridlocSDK\/Sources\/NfcService\/NfcServiceError.swift",
      "kind": "StringLiteral",
      "offset": 1053,
      "length": 40,
      "value": "\"writingError: (\""
    },
    {
      "filePath": "\/Users\/hetzner\/buildAgent\/work\/81778e30852256d6\/HybridlocSDK\/Sources\/NfcService\/NfcServiceError.swift",
      "kind": "StringLiteral",
      "offset": 1091,
      "length": 1,
      "value": "\")\""
    },
    {
      "filePath": "\/Users\/hetzner\/buildAgent\/work\/81778e30852256d6\/HybridlocSDK\/Sources\/NfcService\/NfcServiceError.swift",
      "kind": "StringLiteral",
      "offset": 1146,
      "length": 19,
      "value": "\"unexpectedCleanup\""
    },
    {
      "filePath": "\/Users\/hetzner\/buildAgent\/work\/81778e30852256d6\/HybridlocSDK\/Sources\/NfcService\/NfcServiceError.swift",
      "kind": "StringLiteral",
      "offset": 1210,
      "length": 11,
      "value": "\"cancelled\""
    },
    {
      "filePath": "\/Users\/hetzner\/buildAgent\/work\/81778e30852256d6\/HybridlocSDK\/Sources\/NfcService\/NfcServiceError.swift",
      "kind": "StringLiteral",
      "offset": 1431,
      "length": 13,
      "value": "\"\""
    },
    {
      "filePath": "\/Users\/hetzner\/buildAgent\/work\/81778e30852256d6\/HybridlocSDK\/Sources\/NfcService\/NfcServiceError.swift",
      "kind": "StringLiteral",
      "offset": 1443,
      "length": 6,
      "value": "\"\""
    },
    {
      "filePath": "\/Users\/hetzner\/buildAgent\/work\/81778e30852256d6\/HybridlocSDK\/Sources\/NfcService\/NfcServiceError.swift",
      "kind": "StringLiteral",
      "offset": 1448,
      "length": 13,
      "value": "\"\""
    },
    {
      "filePath": "\/Users\/hetzner\/buildAgent\/work\/81778e30852256d6\/HybridlocSDK\/Sources\/NfcService\/NfcServiceError.swift",
      "kind": "StringLiteral",
      "offset": 1460,
      "length": 1,
      "value": "\"\""
    },
    {
      "filePath": "\/Users\/hetzner\/buildAgent\/work\/81778e30852256d6\/HybridlocSDK\/Sources\/NfcService\/NfcServiceError.swift",
      "kind": "BooleanLiteral",
      "offset": 1530,
      "length": 4,
      "value": "true"
    },
    {
      "filePath": "\/Users\/hetzner\/buildAgent\/work\/81778e30852256d6\/HybridlocSDK\/Sources\/NfcService\/NfcServiceError.swift",
      "kind": "BooleanLiteral",
      "offset": 1603,
      "length": 4,
      "value": "true"
    },
    {
      "filePath": "\/Users\/hetzner\/buildAgent\/work\/81778e30852256d6\/HybridlocSDK\/Sources\/NfcService\/NfcServiceError.swift",
      "kind": "StringLiteral",
      "offset": 1696,
      "length": 13,
      "value": "\"\""
    },
    {
      "filePath": "\/Users\/hetzner\/buildAgent\/work\/81778e30852256d6\/HybridlocSDK\/Sources\/NfcService\/NfcServiceError.swift",
      "kind": "StringLiteral",
      "offset": 1708,
      "length": 6,
      "value": "\"\""
    },
    {
      "filePath": "\/Users\/hetzner\/buildAgent\/work\/81778e30852256d6\/HybridlocSDK\/Sources\/NfcService\/NfcServiceError.swift",
      "kind": "StringLiteral",
      "offset": 1713,
      "length": 13,
      "value": "\"\""
    },
    {
      "filePath": "\/Users\/hetzner\/buildAgent\/work\/81778e30852256d6\/HybridlocSDK\/Sources\/NfcService\/NfcServiceError.swift",
      "kind": "StringLiteral",
      "offset": 1725,
      "length": 1,
      "value": "\"\""
    },
    {
      "filePath": "\/Users\/hetzner\/buildAgent\/work\/81778e30852256d6\/HybridlocSDK\/Sources\/NfcService\/NfcServiceError.swift",
      "kind": "BooleanLiteral",
      "offset": 1801,
      "length": 4,
      "value": "true"
    },
    {
      "filePath": "\/Users\/hetzner\/buildAgent\/work\/81778e30852256d6\/HybridlocSDK\/Sources\/NfcService\/NfcServiceError.swift",
      "kind": "StringLiteral",
      "offset": 1894,
      "length": 13,
      "value": "\"\""
    },
    {
      "filePath": "\/Users\/hetzner\/buildAgent\/work\/81778e30852256d6\/HybridlocSDK\/Sources\/NfcService\/NfcServiceError.swift",
      "kind": "StringLiteral",
      "offset": 1906,
      "length": 6,
      "value": "\"\""
    },
    {
      "filePath": "\/Users\/hetzner\/buildAgent\/work\/81778e30852256d6\/HybridlocSDK\/Sources\/NfcService\/NfcServiceError.swift",
      "kind": "StringLiteral",
      "offset": 1911,
      "length": 13,
      "value": "\"\""
    },
    {
      "filePath": "\/Users\/hetzner\/buildAgent\/work\/81778e30852256d6\/HybridlocSDK\/Sources\/NfcService\/NfcServiceError.swift",
      "kind": "StringLiteral",
      "offset": 1923,
      "length": 1,
      "value": "\"\""
    },
    {
      "filePath": "\/Users\/hetzner\/buildAgent\/work\/81778e30852256d6\/HybridlocSDK\/Sources\/NfcService\/NfcServiceError.swift",
      "kind": "BooleanLiteral",
      "offset": 1999,
      "length": 4,
      "value": "true"
    },
    {
      "filePath": "\/Users\/hetzner\/buildAgent\/work\/81778e30852256d6\/HybridlocSDK\/Sources\/NfcService\/NfcServiceError.swift",
      "kind": "BooleanLiteral",
      "offset": 2062,
      "length": 4,
      "value": "true"
    },
    {
      "filePath": "\/Users\/hetzner\/buildAgent\/work\/81778e30852256d6\/HybridlocSDK\/Sources\/NfcService\/NfcServiceError.swift",
      "kind": "BooleanLiteral",
      "offset": 2103,
      "length": 5,
      "value": "false"
    },
    {
      "filePath": "\/Users\/hetzner\/buildAgent\/work\/81778e30852256d6\/HybridlocSDK\/Sources\/Encryption\/DigitalKeysEncryptor.swift",
      "kind": "StringLiteral",
      "offset": 1231,
      "length": 14,
      "value": "\"symmetricKey\""
    },
    {
      "filePath": "\/Users\/hetzner\/buildAgent\/work\/81778e30852256d6\/HybridlocSDK\/Sources\/Encryption\/DigitalKeysEncryptor.swift",
      "kind": "BooleanLiteral",
      "offset": 3843,
      "length": 4,
      "value": "true"
    },
    {
      "filePath": "\/Users\/hetzner\/buildAgent\/work\/81778e30852256d6\/HybridlocSDK\/Sources\/Encryption\/DigitalKeysEncryptor.swift",
      "kind": "BooleanLiteral",
      "offset": 3885,
      "length": 5,
      "value": "false"
    },
    {
      "filePath": "\/Users\/hetzner\/buildAgent\/work\/81778e30852256d6\/HybridlocSDK\/Sources\/DigitalKeysService\/DigitalKeysServiceError.swift",
      "kind": "StringLiteral",
      "offset": 658,
      "length": 17,
      "value": "\"keyStoringError\""
    },
    {
      "filePath": "\/Users\/hetzner\/buildAgent\/work\/81778e30852256d6\/HybridlocSDK\/Sources\/DigitalKeysService\/DigitalKeysServiceError.swift",
      "kind": "StringLiteral",
      "offset": 726,
      "length": 17,
      "value": "\"keyReadingError\""
    },
    {
      "filePath": "\/Users\/hetzner\/buildAgent\/work\/81778e30852256d6\/HybridlocSDK\/Sources\/DigitalKeysService\/DigitalKeysServiceError.swift",
      "kind": "StringLiteral",
      "offset": 796,
      "length": 19,
      "value": "\"jsonDecodingError\""
    },
    {
      "filePath": "\/Users\/hetzner\/buildAgent\/work\/81778e30852256d6\/HybridlocSDK\/Sources\/DigitalKeysService\/DigitalKeysServiceError.swift",
      "kind": "StringLiteral",
      "offset": 868,
      "length": 19,
      "value": "\"jsonEncodingError\""
    },
    {
      "filePath": "\/Users\/hetzner\/buildAgent\/work\/81778e30852256d6\/HybridlocSDK\/Sources\/DigitalKeysService\/DigitalKeysServiceError.swift",
      "kind": "StringLiteral",
      "offset": 950,
      "length": 29,
      "value": "\"jsonToStringConversionError\""
    },
    {
      "filePath": "\/Users\/hetzner\/buildAgent\/work\/81778e30852256d6\/HybridlocSDK\/Sources\/DigitalKeysService\/DigitalKeysServiceError.swift",
      "kind": "StringLiteral",
      "offset": 1037,
      "length": 24,
      "value": "\"encryptionServiceError\""
    },
    {
      "filePath": "\/Users\/hetzner\/buildAgent\/work\/81778e30852256d6\/HybridlocSDK\/Sources\/DigitalKeysService\/DigitalKeysServiceError.swift",
      "kind": "StringLiteral",
      "offset": 1108,
      "length": 13,
      "value": "\"expiredKeys\""
    },
    {
      "filePath": "\/Users\/hetzner\/buildAgent\/work\/81778e30852256d6\/HybridlocSDK\/Sources\/DigitalKeysService\/DigitalKeysServiceError.swift",
      "kind": "StringLiteral",
      "offset": 1313,
      "length": 13,
      "value": "\"\""
    },
    {
      "filePath": "\/Users\/hetzner\/buildAgent\/work\/81778e30852256d6\/HybridlocSDK\/Sources\/DigitalKeysService\/DigitalKeysServiceError.swift",
      "kind": "StringLiteral",
      "offset": 1325,
      "length": 6,
      "value": "\"\""
    },
    {
      "filePath": "\/Users\/hetzner\/buildAgent\/work\/81778e30852256d6\/HybridlocSDK\/Sources\/DigitalKeysService\/DigitalKeysServiceError.swift",
      "kind": "StringLiteral",
      "offset": 1330,
      "length": 13,
      "value": "\"\""
    },
    {
      "filePath": "\/Users\/hetzner\/buildAgent\/work\/81778e30852256d6\/HybridlocSDK\/Sources\/DigitalKeysService\/DigitalKeysServiceError.swift",
      "kind": "StringLiteral",
      "offset": 1342,
      "length": 1,
      "value": "\"\""
    },
    {
      "filePath": "\/Users\/hetzner\/buildAgent\/work\/81778e30852256d6\/HybridlocSDK\/Sources\/DigitalKeysService\/DigitalKeysServiceError.swift",
      "kind": "StringLiteral",
      "offset": 1438,
      "length": 13,
      "value": "\"\""
    },
    {
      "filePath": "\/Users\/hetzner\/buildAgent\/work\/81778e30852256d6\/HybridlocSDK\/Sources\/DigitalKeysService\/DigitalKeysServiceError.swift",
      "kind": "StringLiteral",
      "offset": 1450,
      "length": 6,
      "value": "\"\""
    },
    {
      "filePath": "\/Users\/hetzner\/buildAgent\/work\/81778e30852256d6\/HybridlocSDK\/Sources\/DigitalKeysService\/DigitalKeysServiceError.swift",
      "kind": "StringLiteral",
      "offset": 1455,
      "length": 13,
      "value": "\"\""
    },
    {
      "filePath": "\/Users\/hetzner\/buildAgent\/work\/81778e30852256d6\/HybridlocSDK\/Sources\/DigitalKeysService\/DigitalKeysServiceError.swift",
      "kind": "StringLiteral",
      "offset": 1467,
      "length": 1,
      "value": "\"\""
    },
    {
      "filePath": "\/Users\/hetzner\/buildAgent\/work\/81778e30852256d6\/HybridlocSDK\/Sources\/DigitalKeysService\/DigitalKeysServiceError.swift",
      "kind": "StringLiteral",
      "offset": 1567,
      "length": 13,
      "value": "\"\""
    },
    {
      "filePath": "\/Users\/hetzner\/buildAgent\/work\/81778e30852256d6\/HybridlocSDK\/Sources\/DigitalKeysService\/DigitalKeysServiceError.swift",
      "kind": "StringLiteral",
      "offset": 1579,
      "length": 6,
      "value": "\"\""
    },
    {
      "filePath": "\/Users\/hetzner\/buildAgent\/work\/81778e30852256d6\/HybridlocSDK\/Sources\/DigitalKeysService\/DigitalKeysServiceError.swift",
      "kind": "StringLiteral",
      "offset": 1584,
      "length": 13,
      "value": "\"\""
    },
    {
      "filePath": "\/Users\/hetzner\/buildAgent\/work\/81778e30852256d6\/HybridlocSDK\/Sources\/DigitalKeysService\/DigitalKeysServiceError.swift",
      "kind": "StringLiteral",
      "offset": 1596,
      "length": 1,
      "value": "\"\""
    },
    {
      "filePath": "\/Users\/hetzner\/buildAgent\/work\/81778e30852256d6\/HybridlocSDK\/Sources\/DigitalKeysService\/DigitalKeysServiceError.swift",
      "kind": "StringLiteral",
      "offset": 1696,
      "length": 13,
      "value": "\"\""
    },
    {
      "filePath": "\/Users\/hetzner\/buildAgent\/work\/81778e30852256d6\/HybridlocSDK\/Sources\/DigitalKeysService\/DigitalKeysServiceError.swift",
      "kind": "StringLiteral",
      "offset": 1708,
      "length": 6,
      "value": "\"\""
    },
    {
      "filePath": "\/Users\/hetzner\/buildAgent\/work\/81778e30852256d6\/HybridlocSDK\/Sources\/DigitalKeysService\/DigitalKeysServiceError.swift",
      "kind": "StringLiteral",
      "offset": 1713,
      "length": 13,
      "value": "\"\""
    },
    {
      "filePath": "\/Users\/hetzner\/buildAgent\/work\/81778e30852256d6\/HybridlocSDK\/Sources\/DigitalKeysService\/DigitalKeysServiceError.swift",
      "kind": "StringLiteral",
      "offset": 1725,
      "length": 1,
      "value": "\"\""
    },
    {
      "filePath": "\/Users\/hetzner\/buildAgent\/work\/81778e30852256d6\/HybridlocSDK\/Sources\/DigitalKeysService\/DigitalKeysServiceError.swift",
      "kind": "BooleanLiteral",
      "offset": 1821,
      "length": 4,
      "value": "true"
    },
    {
      "filePath": "\/Users\/hetzner\/buildAgent\/work\/81778e30852256d6\/HybridlocSDK\/Sources\/DigitalKeysService\/DigitalKeysServiceError.swift",
      "kind": "BooleanLiteral",
      "offset": 1910,
      "length": 4,
      "value": "true"
    },
    {
      "filePath": "\/Users\/hetzner\/buildAgent\/work\/81778e30852256d6\/HybridlocSDK\/Sources\/DigitalKeysService\/DigitalKeysServiceError.swift",
      "kind": "BooleanLiteral",
      "offset": 1977,
      "length": 4,
      "value": "true"
    },
    {
      "filePath": "\/Users\/hetzner\/buildAgent\/work\/81778e30852256d6\/HybridlocSDK\/Sources\/DigitalKeysService\/DigitalKeysServiceError.swift",
      "kind": "BooleanLiteral",
      "offset": 2018,
      "length": 5,
      "value": "false"
    },
    {
      "filePath": "\/Users\/hetzner\/buildAgent\/work\/81778e30852256d6\/HybridlocSDK\/Sources\/DigitalKeysService\/DigitalKeysStorageError.swift",
      "kind": "StringLiteral",
      "offset": 496,
      "length": 14,
      "value": "\"writingError\""
    },
    {
      "filePath": "\/Users\/hetzner\/buildAgent\/work\/81778e30852256d6\/HybridlocSDK\/Sources\/DigitalKeysService\/DigitalKeysStorageError.swift",
      "kind": "StringLiteral",
      "offset": 617,
      "length": 14,
      "value": "\"readingError\""
    },
    {
      "filePath": "\/Users\/hetzner\/buildAgent\/work\/81778e30852256d6\/HybridlocSDK\/Sources\/DigitalKeysService\/DigitalKeysStorageError.swift",
      "kind": "StringLiteral",
      "offset": 817,
      "length": 13,
      "value": "\"\""
    },
    {
      "filePath": "\/Users\/hetzner\/buildAgent\/work\/81778e30852256d6\/HybridlocSDK\/Sources\/DigitalKeysService\/DigitalKeysStorageError.swift",
      "kind": "StringLiteral",
      "offset": 829,
      "length": 6,
      "value": "\"\""
    },
    {
      "filePath": "\/Users\/hetzner\/buildAgent\/work\/81778e30852256d6\/HybridlocSDK\/Sources\/DigitalKeysService\/DigitalKeysStorageError.swift",
      "kind": "StringLiteral",
      "offset": 834,
      "length": 13,
      "value": "\"\""
    },
    {
      "filePath": "\/Users\/hetzner\/buildAgent\/work\/81778e30852256d6\/HybridlocSDK\/Sources\/DigitalKeysService\/DigitalKeysStorageError.swift",
      "kind": "StringLiteral",
      "offset": 846,
      "length": 1,
      "value": "\"\""
    },
    {
      "filePath": "\/Users\/hetzner\/buildAgent\/work\/81778e30852256d6\/HybridlocSDK\/Sources\/DigitalKeysService\/DigitalKeysStorageError.swift",
      "kind": "StringLiteral",
      "offset": 936,
      "length": 13,
      "value": "\"\""
    },
    {
      "filePath": "\/Users\/hetzner\/buildAgent\/work\/81778e30852256d6\/HybridlocSDK\/Sources\/DigitalKeysService\/DigitalKeysStorageError.swift",
      "kind": "StringLiteral",
      "offset": 948,
      "length": 6,
      "value": "\"\""
    },
    {
      "filePath": "\/Users\/hetzner\/buildAgent\/work\/81778e30852256d6\/HybridlocSDK\/Sources\/DigitalKeysService\/DigitalKeysStorageError.swift",
      "kind": "StringLiteral",
      "offset": 953,
      "length": 13,
      "value": "\"\""
    },
    {
      "filePath": "\/Users\/hetzner\/buildAgent\/work\/81778e30852256d6\/HybridlocSDK\/Sources\/DigitalKeysService\/DigitalKeysStorageError.swift",
      "kind": "StringLiteral",
      "offset": 965,
      "length": 1,
      "value": "\"\""
    },
    {
      "filePath": "\/Users\/hetzner\/buildAgent\/work\/81778e30852256d6\/HybridlocSDK\/Sources\/DigitalKeysService\/DigitalKeysStorageError.swift",
      "kind": "BooleanLiteral",
      "offset": 1003,
      "length": 5,
      "value": "false"
    },
    {
      "filePath": "\/Users\/hetzner\/buildAgent\/work\/81778e30852256d6\/HybridlocSDK\/Sources\/Remote\/WanzlDigitalLockApiClient.swift",
      "kind": "StringLiteral",
      "offset": 903,
      "length": 81,
      "value": "\"https:\/\/wanzldd.b2clogin.com\/wanzldd.onmicrosoft.com\/B2C_1_SI\/oauth2\/v2.0\/token\""
    },
    {
      "filePath": "\/Users\/hetzner\/buildAgent\/work\/81778e30852256d6\/HybridlocSDK\/Sources\/Remote\/WanzlDigitalLockApiClient.swift",
      "kind": "StringLiteral",
      "offset": 1062,
      "length": 51,
      "value": "\"https:\/\/wanzldd.onmicrosoft.com\/dlapidev\/.default\""
    },
    {
      "filePath": "\/Users\/hetzner\/buildAgent\/work\/81778e30852256d6\/HybridlocSDK\/Sources\/Remote\/WanzlDigitalLockApiClient.swift",
      "kind": "StringLiteral",
      "offset": 1199,
      "length": 20,
      "value": "\"client_credentials\""
    },
    {
      "filePath": "\/Users\/hetzner\/buildAgent\/work\/81778e30852256d6\/HybridlocSDK\/Sources\/Remote\/WanzlDigitalLockApiClient.swift",
      "kind": "StringLiteral",
      "offset": 1320,
      "length": 53,
      "value": "\"https:\/\/digital-lock-web-app.azurewebsites.net\/api\/\""
    },
    {
      "filePath": "\/Users\/hetzner\/buildAgent\/work\/81778e30852256d6\/HybridlocSDK\/Sources\/Remote\/WanzlDigitalLockApiClient.swift",
      "kind": "StringLiteral",
      "offset": 1525,
      "length": 2,
      "value": "\"\""
    },
    {
      "filePath": "\/Users\/hetzner\/buildAgent\/work\/81778e30852256d6\/HybridlocSDK\/Sources\/Remote\/WanzlDigitalLockApiClient.swift",
      "kind": "StringLiteral",
      "offset": 1572,
      "length": 2,
      "value": "\"\""
    },
    {
      "filePath": "\/Users\/hetzner\/buildAgent\/work\/81778e30852256d6\/HybridlocSDK\/Sources\/Remote\/WanzlDigitalLockApiClient.swift",
      "kind": "StringLiteral",
      "offset": 1615,
      "length": 2,
      "value": "\"\""
    },
    {
      "filePath": "\/Users\/hetzner\/buildAgent\/work\/81778e30852256d6\/HybridlocSDK\/Sources\/Remote\/WanzlDigitalLockApiClient.swift",
      "kind": "StringLiteral",
      "offset": 2301,
      "length": 9,
      "value": "\"Bearer \""
    },
    {
      "filePath": "\/Users\/hetzner\/buildAgent\/work\/81778e30852256d6\/HybridlocSDK\/Sources\/Remote\/WanzlDigitalLockApiClient.swift",
      "kind": "StringLiteral",
      "offset": 2342,
      "length": 28,
      "value": "\"Successfully authenticated\""
    },
    {
      "filePath": "\/Users\/hetzner\/buildAgent\/work\/81778e30852256d6\/HybridlocSDK\/Sources\/Remote\/WanzlDigitalLockApiClient.swift",
      "kind": "StringLiteral",
      "offset": 2749,
      "length": 28,
      "value": "\"Successfully received keys\""
    },
    {
      "filePath": "\/Users\/hetzner\/buildAgent\/work\/81778e30852256d6\/HybridlocSDK\/Sources\/Remote\/WanzlDigitalLockApiClient.swift",
      "kind": "StringLiteral",
      "offset": 2882,
      "length": 32,
      "value": "\"Unable to get keys from remote\""
    },
    {
      "filePath": "\/Users\/hetzner\/buildAgent\/work\/81778e30852256d6\/HybridlocSDK\/Sources\/Remote\/WanzlDigitalLockApiClient.swift",
      "kind": "StringLiteral",
      "offset": 3019,
      "length": 23,
      "value": "\"Failed authenticating\""
    },
    {
      "filePath": "\/Users\/hetzner\/buildAgent\/work\/81778e30852256d6\/HybridlocSDK\/Sources\/Remote\/WanzlDigitalLockApiClient.swift",
      "kind": "StringLiteral",
      "offset": 4277,
      "length": 23,
      "value": "\"access token is empty\""
    },
    {
      "filePath": "\/Users\/hetzner\/buildAgent\/work\/81778e30852256d6\/HybridlocSDK\/Sources\/Remote\/WanzlDigitalLockApiClient.swift",
      "kind": "StringLiteral",
      "offset": 4995,
      "length": 31,
      "value": "\"Bad baseUrl: \""
    },
    {
      "filePath": "\/Users\/hetzner\/buildAgent\/work\/81778e30852256d6\/HybridlocSDK\/Sources\/Remote\/WanzlDigitalLockApiClient.swift",
      "kind": "StringLiteral",
      "offset": 5025,
      "length": 2,
      "value": "\"\""
    },
    {
      "filePath": "\/Users\/hetzner\/buildAgent\/work\/81778e30852256d6\/HybridlocSDK\/Sources\/Remote\/WanzlDigitalLockApiClient.swift",
      "kind": "StringLiteral",
      "offset": 5206,
      "length": 43,
      "value": "\"Bad resourceName: \""
    },
    {
      "filePath": "\/Users\/hetzner\/buildAgent\/work\/81778e30852256d6\/HybridlocSDK\/Sources\/Remote\/WanzlDigitalLockApiClient.swift",
      "kind": "StringLiteral",
      "offset": 5248,
      "length": 2,
      "value": "\"\""
    },
    {
      "filePath": "\/Users\/hetzner\/buildAgent\/work\/81778e30852256d6\/HybridlocSDK\/Sources\/Remote\/WanzlDigitalLockApiClient.swift",
      "kind": "BooleanLiteral",
      "offset": 5393,
      "length": 4,
      "value": "true"
    },
    {
      "filePath": "\/Users\/hetzner\/buildAgent\/work\/81778e30852256d6\/HybridlocSDK\/Sources\/Remote\/WanzlDigitalLockApiClient.swift",
      "kind": "StringLiteral",
      "offset": 5429,
      "length": 21,
      "value": "\"Bad url: \""
    },
    {
      "filePath": "\/Users\/hetzner\/buildAgent\/work\/81778e30852256d6\/HybridlocSDK\/Sources\/Remote\/WanzlDigitalLockApiClient.swift",
      "kind": "StringLiteral",
      "offset": 5449,
      "length": 2,
      "value": "\"\""
    },
    {
      "filePath": "\/Users\/hetzner\/buildAgent\/work\/81778e30852256d6\/HybridlocSDK\/Sources\/Remote\/WanzlDigitalLockApiClient.swift",
      "kind": "StringLiteral",
      "offset": 6168,
      "length": 15,
      "value": "\"authorization\""
    },
    {
      "filePath": "\/Users\/hetzner\/buildAgent\/work\/81778e30852256d6\/HybridlocSDK\/Sources\/Remote\/WanzlDigitalLockApiClient.swift",
      "kind": "StringLiteral",
      "offset": 6214,
      "length": 18,
      "value": "\"application\/json\""
    },
    {
      "filePath": "\/Users\/hetzner\/buildAgent\/work\/81778e30852256d6\/HybridlocSDK\/Sources\/Remote\/WanzlDigitalLockApiClient.swift",
      "kind": "StringLiteral",
      "offset": 6254,
      "length": 8,
      "value": "\"accept\""
    },
    {
      "filePath": "\/Users\/hetzner\/buildAgent\/work\/81778e30852256d6\/HybridlocSDK\/Sources\/Remote\/WanzlDigitalLockApiClient.swift",
      "kind": "IntegerLiteral",
      "offset": 6771,
      "length": 3,
      "value": "200"
    },
    {
      "filePath": "\/Users\/hetzner\/buildAgent\/work\/81778e30852256d6\/HybridlocSDK\/Sources\/Remote\/WanzlDigitalLockApiClient.swift",
      "kind": "IntegerLiteral",
      "offset": 7251,
      "length": 3,
      "value": "400"
    },
    {
      "filePath": "\/Users\/hetzner\/buildAgent\/work\/81778e30852256d6\/HybridlocSDK\/Sources\/Remote\/WanzlDigitalLockApiClient.swift",
      "kind": "IntegerLiteral",
      "offset": 7318,
      "length": 3,
      "value": "500"
    },
    {
      "filePath": "\/Users\/hetzner\/buildAgent\/work\/81778e30852256d6\/HybridlocSDK\/Sources\/Remote\/WanzlDigitalLockApiClient.swift",
      "kind": "IntegerLiteral",
      "offset": 7394,
      "length": 3,
      "value": "401"
    },
    {
      "filePath": "\/Users\/hetzner\/buildAgent\/work\/81778e30852256d6\/HybridlocSDK\/Sources\/Remote\/WanzlDigitalLockApiClient.swift",
      "kind": "StringLiteral",
      "offset": 7445,
      "length": 5,
      "value": "\"401\""
    },
    {
      "filePath": "\/Users\/hetzner\/buildAgent\/work\/81778e30852256d6\/HybridlocSDK\/Sources\/Local\/DeviceStorageManager\/DeviceStorageManager.swift",
      "kind": "BooleanLiteral",
      "offset": 1455,
      "length": 4,
      "value": "true"
    },
    {
      "filePath": "\/Users\/hetzner\/buildAgent\/work\/81778e30852256d6\/HybridlocSDK\/Sources\/Local\/DeviceStorageManager\/DeviceStorageManager.swift",
      "kind": "StringLiteral",
      "offset": 1571,
      "length": 6,
      "value": "\"data\""
    },
    {
      "filePath": "\/Users\/hetzner\/buildAgent\/work\/81778e30852256d6\/HybridlocSDK\/Sources\/Remote\/Requests\/AuthenticateRequest.swift",
      "kind": "StringLiteral",
      "offset": 370,
      "length": 6,
      "value": "\"POST\""
    },
    {
      "filePath": "\/Users\/hetzner\/buildAgent\/work\/81778e30852256d6\/HybridlocSDK\/Sources\/Remote\/Requests\/AuthenticateRequest.swift",
      "kind": "StringLiteral",
      "offset": 472,
      "length": 2,
      "value": "\"\""
    },
    {
      "filePath": "\/Users\/hetzner\/buildAgent\/work\/81778e30852256d6\/HybridlocSDK\/Sources\/Remote\/Requests\/AuthenticateRequest.swift",
      "kind": "StringLiteral",
      "offset": 899,
      "length": 7,
      "value": "\"scope\""
    },
    {
      "filePath": "\/Users\/hetzner\/buildAgent\/work\/81778e30852256d6\/HybridlocSDK\/Sources\/Remote\/Requests\/AuthenticateRequest.swift",
      "kind": "StringLiteral",
      "offset": 947,
      "length": 12,
      "value": "\"grant_type\""
    },
    {
      "filePath": "\/Users\/hetzner\/buildAgent\/work\/81778e30852256d6\/HybridlocSDK\/Sources\/Remote\/Requests\/AuthenticateRequest.swift",
      "kind": "StringLiteral",
      "offset": 1004,
      "length": 11,
      "value": "\"client_id\""
    },
    {
      "filePath": "\/Users\/hetzner\/buildAgent\/work\/81778e30852256d6\/HybridlocSDK\/Sources\/Remote\/Requests\/AuthenticateRequest.swift",
      "kind": "StringLiteral",
      "offset": 1059,
      "length": 15,
      "value": "\"client_secret\""
    },
    {
      "filePath": "\/Users\/hetzner\/buildAgent\/work\/81778e30852256d6\/HybridlocSDK\/Sources\/Remote\/Requests\/DigitalKeysRequest.swift",
      "kind": "StringLiteral",
      "offset": 355,
      "length": 5,
      "value": "\"GET\""
    },
    {
      "filePath": "\/Users\/hetzner\/buildAgent\/work\/81778e30852256d6\/HybridlocSDK\/Sources\/Remote\/Requests\/DigitalKeysRequest.swift",
      "kind": "StringLiteral",
      "offset": 456,
      "length": 12,
      "value": "\"DigitalKey\""
    },
    {
      "filePath": "\/Users\/hetzner\/buildAgent\/work\/81778e30852256d6\/HybridlocSDK\/Sources\/Remote\/Requests\/DigitalKeysRequest.swift",
      "kind": "StringLiteral",
      "offset": 714,
      "length": 6,
      "value": "\"0815\""
    },
    {
      "filePath": "\/Users\/hetzner\/buildAgent\/work\/81778e30852256d6\/HybridlocSDK\/Sources\/Remote\/Requests\/DigitalKeysRequest.swift",
      "kind": "StringLiteral",
      "offset": 885,
      "length": 16,
      "value": "\"externalUserId\""
    },
    {
      "filePath": "\/Users\/hetzner\/buildAgent\/work\/81778e30852256d6\/HybridlocSDK\/Sources\/DigitalKeysService\/DigitalKeysService.swift",
      "kind": "IntegerLiteral",
      "offset": 1423,
      "length": 5,
      "value": "86400"
    },
    {
      "filePath": "\/Users\/hetzner\/buildAgent\/work\/81778e30852256d6\/HybridlocSDK\/Sources\/DigitalKeysService\/DigitalKeysService.swift",
      "kind": "BooleanLiteral",
      "offset": 4293,
      "length": 5,
      "value": "false"
    },
    {
      "filePath": "\/Users\/hetzner\/buildAgent\/work\/81778e30852256d6\/HybridlocSDK\/Sources\/DigitalKeysService\/DigitalKeysService.swift",
      "kind": "StringLiteral",
      "offset": 4763,
      "length": 3,
      "value": "\"0\""
    },
    {
      "filePath": "\/Users\/hetzner\/buildAgent\/work\/81778e30852256d6\/HybridlocSDK\/Sources\/DigitalKeysService\/DigitalKeysService.swift",
      "kind": "IntegerLiteral",
      "offset": 4771,
      "length": 1,
      "value": "0"
    },
    {
      "filePath": "\/Users\/hetzner\/buildAgent\/work\/81778e30852256d6\/HybridlocSDK\/Sources\/DigitalKeysService\/DigitalKeysService.swift",
      "kind": "IntegerLiteral",
      "offset": 4814,
      "length": 2,
      "value": "30"
    },
    {
      "filePath": "\/Users\/hetzner\/buildAgent\/work\/81778e30852256d6\/HybridlocSDK\/Sources\/DigitalKeysService\/DigitalKeysService.swift",
      "kind": "IntegerLiteral",
      "offset": 4872,
      "length": 1,
      "value": "0"
    },
    {
      "filePath": "\/Users\/hetzner\/buildAgent\/work\/81778e30852256d6\/HybridlocSDK\/Sources\/DigitalKeysService\/DigitalKeysService.swift",
      "kind": "BooleanLiteral",
      "offset": 4895,
      "length": 5,
      "value": "false"
    },
    {
      "filePath": "\/Users\/hetzner\/buildAgent\/work\/81778e30852256d6\/HybridlocSDK\/Sources\/DigitalKeysService\/DigitalKeysService.swift",
      "kind": "BooleanLiteral",
      "offset": 4926,
      "length": 4,
      "value": "true"
    },
    {
      "filePath": "\/Users\/hetzner\/buildAgent\/work\/81778e30852256d6\/HybridlocSDK\/Sources\/NfcService\/NfcService.swift",
      "kind": "IntegerLiteral",
      "offset": 1467,
      "length": 4,
      "value": "2000"
    },
    {
      "filePath": "\/Users\/hetzner\/buildAgent\/work\/81778e30852256d6\/HybridlocSDK\/Sources\/NfcService\/NfcService.swift",
      "kind": "BooleanLiteral",
      "offset": 2576,
      "length": 5,
      "value": "false"
    },
    {
      "filePath": "\/Users\/hetzner\/buildAgent\/work\/81778e30852256d6\/HybridlocSDK\/Sources\/NfcService\/NfcService.swift",
      "kind": "StringLiteral",
      "offset": 3330,
      "length": 30,
      "value": "\"error is not NfcServiceError\""
    },
    {
      "filePath": "\/Users\/hetzner\/buildAgent\/work\/81778e30852256d6\/HybridlocSDK\/Sources\/NfcService\/NfcService.swift",
      "kind": "BooleanLiteral",
      "offset": 4141,
      "length": 5,
      "value": "false"
    },
    {
      "filePath": "\/Users\/hetzner\/buildAgent\/work\/81778e30852256d6\/HybridlocSDK\/Sources\/NfcService\/NfcService.swift",
      "kind": "BooleanLiteral",
      "offset": 4253,
      "length": 4,
      "value": "true"
    },
    {
      "filePath": "\/Users\/hetzner\/buildAgent\/work\/81778e30852256d6\/HybridlocSDK\/Sources\/NfcService\/NfcService.swift",
      "kind": "StringLiteral",
      "offset": 1202,
      "length": 10,
      "value": "\"HybridlocSDK.NfcService\""
    },
    {
      "filePath": "\/Users\/hetzner\/buildAgent\/work\/81778e30852256d6\/HybridlocSDK\/Sources\/NfcService\/NfcService.swift",
      "kind": "BooleanLiteral",
      "offset": 4579,
      "length": 5,
      "value": "false"
    },
    {
      "filePath": "\/Users\/hetzner\/buildAgent\/work\/81778e30852256d6\/HybridlocSDK\/Sources\/NfcService\/NfcService.swift",
      "kind": "BooleanLiteral",
      "offset": 4696,
      "length": 5,
      "value": "false"
    },
    {
      "filePath": "\/Users\/hetzner\/buildAgent\/work\/81778e30852256d6\/HybridlocSDK\/Sources\/NfcService\/NfcService.swift",
      "kind": "StringLiteral",
      "offset": 7412,
      "length": 2,
      "value": "\"\""
    },
    {
      "filePath": "\/Users\/hetzner\/buildAgent\/work\/81778e30852256d6\/HybridlocSDK\/Sources\/NfcService\/NfcService.swift",
      "kind": "BooleanLiteral",
      "offset": 7563,
      "length": 4,
      "value": "true"
    }
  ]
}