{
  "ABIRoot": {
    "kind": "Root",
    "name": "TopLevel",
    "printedName": "TopLevel",
    "children": [
      {
        "kind": "TypeDecl",
        "name": "NfcAlertMessages",
        "printedName": "NfcAlertMessages",
        "children": [
          {
            "kind": "Constructor",
            "name": "init",
            "printedName": "init(initial:success:error:)",
            "children": [
              {
                "kind": "TypeNominal",
                "name": "NfcAlertMessages",
                "printedName": "HybridlocSDK.NfcAlertMessages",
                "usr": "s:12HybridlocSDK16NfcAlertMessagesV"
              },
              {
                "kind": "TypeNominal",
                "name": "String",
                "printedName": "Swift.String",
                "usr": "s:SS"
              },
              {
                "kind": "TypeNominal",
                "name": "String",
                "printedName": "Swift.String",
                "usr": "s:SS"
              },
              {
                "kind": "TypeNominal",
                "name": "String",
                "printedName": "Swift.String",
                "usr": "s:SS"
              }
            ],
            "declKind": "Constructor",
            "usr": "s:12HybridlocSDK16NfcAlertMessagesV7initial7success5errorACSS_S2Stcfc",
            "mangledName": "$s12HybridlocSDK16NfcAlertMessagesV7initial7success5errorACSS_S2Stcfc",
            "moduleName": "HybridlocSDK",
            "declAttributes": [
              "AccessControl",
              "RawDocComment"
            ],
            "init_kind": "Designated"
          }
        ],
        "declKind": "Struct",
        "usr": "s:12HybridlocSDK16NfcAlertMessagesV",
        "mangledName": "$s12HybridlocSDK16NfcAlertMessagesV",
        "moduleName": "HybridlocSDK",
        "declAttributes": [
          "AccessControl",
          "RawDocComment"
        ]
      },
      {
        "kind": "Import",
        "name": "Foundation",
        "printedName": "Foundation",
        "declKind": "Import",
        "moduleName": "HybridlocSDK",
        "declAttributes": [
          "RawDocComment"
        ]
      },
      {
        "kind": "Import",
        "name": "Foundation",
        "printedName": "Foundation",
        "declKind": "Import",
        "moduleName": "HybridlocSDK",
        "declAttributes": [
          "RawDocComment"
        ]
      },
      {
        "kind": "TypeDecl",
        "name": "HybridlocClient",
        "printedName": "HybridlocClient",
        "children": [
          {
            "kind": "Constructor",
            "name": "init",
            "printedName": "init(clientId:clientSecret:userId:nfcAlertMessages:)",
            "children": [
              {
                "kind": "TypeNominal",
                "name": "HybridlocClient",
                "printedName": "HybridlocSDK.HybridlocClient",
                "usr": "s:12HybridlocSDK0A6ClientC"
              },
              {
                "kind": "TypeNominal",
                "name": "String",
                "printedName": "Swift.String",
                "usr": "s:SS"
              },
              {
                "kind": "TypeNominal",
                "name": "String",
                "printedName": "Swift.String",
                "usr": "s:SS"
              },
              {
                "kind": "TypeNominal",
                "name": "String",
                "printedName": "Swift.String",
                "usr": "s:SS"
              },
              {
                "kind": "TypeNominal",
                "name": "NfcAlertMessages",
                "printedName": "HybridlocSDK.NfcAlertMessages",
                "usr": "s:12HybridlocSDK16NfcAlertMessagesV"
              }
            ],
            "declKind": "Constructor",
            "usr": "s:12HybridlocSDK0A6ClientC8clientId0D6Secret04userE016nfcAlertMessagesACSS_S2SAA03NfciJ0VtKcfc",
            "mangledName": "$s12HybridlocSDK0A6ClientC8clientId0D6Secret04userE016nfcAlertMessagesACSS_S2SAA03NfciJ0VtKcfc",
            "moduleName": "HybridlocSDK",
            "declAttributes": [
              "Convenience",
              "AccessControl",
              "RawDocComment"
            ],
            "throwing": true,
            "init_kind": "Convenience"
          },
          {
            "kind": "Function",
            "name": "loadDigitalKeys",
            "printedName": "loadDigitalKeys()",
            "children": [
              {
                "kind": "TypeNominal",
                "name": "Result",
                "printedName": "Swift.Result<(), HybridlocSDK.HybridlocClientError>",
                "children": [
                  {
                    "kind": "TypeNominal",
                    "name": "Void",
                    "printedName": "()"
                  },
                  {
                    "kind": "TypeNominal",
                    "name": "HybridlocClientError",
                    "printedName": "HybridlocSDK.HybridlocClientError",
                    "usr": "s:12HybridlocSDK0A11ClientErrorO"
                  }
                ],
                "usr": "s:s6ResultO"
              }
            ],
            "declKind": "Func",
            "usr": "s:12HybridlocSDK0A6ClientC15loadDigitalKeyss6ResultOyytAA0aC5ErrorOGyYaF",
            "mangledName": "$s12HybridlocSDK0A6ClientC15loadDigitalKeyss6ResultOyytAA0aC5ErrorOGyYaF",
            "moduleName": "HybridlocSDK",
            "declAttributes": [
              "Final",
              "AccessControl",
              "RawDocComment"
            ],
            "funcSelfKind": "NonMutating"
          },
          {
            "kind": "Function",
            "name": "openLock",
            "printedName": "openLock()",
            "children": [
              {
                "kind": "TypeNominal",
                "name": "Result",
                "printedName": "Swift.Result<(), HybridlocSDK.HybridlocClientError>",
                "children": [
                  {
                    "kind": "TypeNominal",
                    "name": "Void",
                    "printedName": "()"
                  },
                  {
                    "kind": "TypeNominal",
                    "name": "HybridlocClientError",
                    "printedName": "HybridlocSDK.HybridlocClientError",
                    "usr": "s:12HybridlocSDK0A11ClientErrorO"
                  }
                ],
                "usr": "s:s6ResultO"
              }
            ],
            "declKind": "Func",
            "usr": "s:12HybridlocSDK0A6ClientC8openLocks6ResultOyytAA0aC5ErrorOGyYaF",
            "mangledName": "$s12HybridlocSDK0A6ClientC8openLocks6ResultOyytAA0aC5ErrorOGyYaF",
            "moduleName": "HybridlocSDK",
            "declAttributes": [
              "Final",
              "AccessControl",
              "RawDocComment"
            ],
            "funcSelfKind": "NonMutating"
          },
          {
            "kind": "Function",
            "name": "cancelLockOpening",
            "printedName": "cancelLockOpening()",
            "children": [
              {
                "kind": "TypeNominal",
                "name": "Void",
                "printedName": "()"
              }
            ],
            "declKind": "Func",
            "usr": "s:12HybridlocSDK0A6ClientC17cancelLockOpeningyyF",
            "mangledName": "$s12HybridlocSDK0A6ClientC17cancelLockOpeningyyF",
            "moduleName": "HybridlocSDK",
            "declAttributes": [
              "Final",
              "AccessControl",
              "RawDocComment"
            ],
            "funcSelfKind": "NonMutating"
          }
        ],
        "declKind": "Class",
        "usr": "s:12HybridlocSDK0A6ClientC",
        "mangledName": "$s12HybridlocSDK0A6ClientC",
        "moduleName": "HybridlocSDK",
        "declAttributes": [
          "Final",
          "AccessControl",
          "RawDocComment"
        ],
        "hasMissingDesignatedInitializers": true
      },
      {
        "kind": "TypeDecl",
        "name": "HybridlocClientError",
        "printedName": "HybridlocClientError",
        "children": [
          {
            "kind": "Var",
            "name": "usageError",
            "printedName": "usageError",
            "children": [
              {
                "kind": "TypeFunc",
                "name": "Function",
                "printedName": "(HybridlocSDK.HybridlocClientError.Type) -> (Swift.String) -> HybridlocSDK.HybridlocClientError",
                "children": [
                  {
                    "kind": "TypeFunc",
                    "name": "Function",
                    "printedName": "(Swift.String) -> HybridlocSDK.HybridlocClientError",
                    "children": [
                      {
                        "kind": "TypeNominal",
                        "name": "HybridlocClientError",
                        "printedName": "HybridlocSDK.HybridlocClientError",
                        "usr": "s:12HybridlocSDK0A11ClientErrorO"
                      },
                      {
                        "kind": "TypeNominal",
                        "name": "String",
                        "printedName": "Swift.String",
                        "usr": "s:SS"
                      }
                    ]
                  },
                  {
                    "kind": "TypeNominal",
                    "name": "Metatype",
                    "printedName": "HybridlocSDK.HybridlocClientError.Type",
                    "children": [
                      {
                        "kind": "TypeNominal",
                        "name": "HybridlocClientError",
                        "printedName": "HybridlocSDK.HybridlocClientError",
                        "usr": "s:12HybridlocSDK0A11ClientErrorO"
                      }
                    ]
                  }
                ]
              }
            ],
            "declKind": "EnumElement",
            "usr": "s:12HybridlocSDK0A11ClientErrorO05usageD0yACSScACmF",
            "mangledName": "$s12HybridlocSDK0A11ClientErrorO05usageD0yACSScACmF",
            "moduleName": "HybridlocSDK",
            "declAttributes": [
              "RawDocComment"
            ]
          },
          {
            "kind": "Var",
            "name": "keyLoadingFailed",
            "printedName": "keyLoadingFailed",
            "children": [
              {
                "kind": "TypeFunc",
                "name": "Function",
                "printedName": "(HybridlocSDK.HybridlocClientError.Type) -> (Swift.String) -> HybridlocSDK.HybridlocClientError",
                "children": [
                  {
                    "kind": "TypeFunc",
                    "name": "Function",
                    "printedName": "(Swift.String) -> HybridlocSDK.HybridlocClientError",
                    "children": [
                      {
                        "kind": "TypeNominal",
                        "name": "HybridlocClientError",
                        "printedName": "HybridlocSDK.HybridlocClientError",
                        "usr": "s:12HybridlocSDK0A11ClientErrorO"
                      },
                      {
                        "kind": "TypeNominal",
                        "name": "String",
                        "printedName": "Swift.String",
                        "usr": "s:SS"
                      }
                    ]
                  },
                  {
                    "kind": "TypeNominal",
                    "name": "Metatype",
                    "printedName": "HybridlocSDK.HybridlocClientError.Type",
                    "children": [
                      {
                        "kind": "TypeNominal",
                        "name": "HybridlocClientError",
                        "printedName": "HybridlocSDK.HybridlocClientError",
                        "usr": "s:12HybridlocSDK0A11ClientErrorO"
                      }
                    ]
                  }
                ]
              }
            ],
            "declKind": "EnumElement",
            "usr": "s:12HybridlocSDK0A11ClientErrorO16keyLoadingFailedyACSScACmF",
            "mangledName": "$s12HybridlocSDK0A11ClientErrorO16keyLoadingFailedyACSScACmF",
            "moduleName": "HybridlocSDK",
            "declAttributes": [
              "RawDocComment"
            ]
          },
          {
            "kind": "Var",
            "name": "unlockingFailed",
            "printedName": "unlockingFailed",
            "children": [
              {
                "kind": "TypeFunc",
                "name": "Function",
                "printedName": "(HybridlocSDK.HybridlocClientError.Type) -> (Swift.String) -> HybridlocSDK.HybridlocClientError",
                "children": [
                  {
                    "kind": "TypeFunc",
                    "name": "Function",
                    "printedName": "(Swift.String) -> HybridlocSDK.HybridlocClientError",
                    "children": [
                      {
                        "kind": "TypeNominal",
                        "name": "HybridlocClientError",
                        "printedName": "HybridlocSDK.HybridlocClientError",
                        "usr": "s:12HybridlocSDK0A11ClientErrorO"
                      },
                      {
                        "kind": "TypeNominal",
                        "name": "String",
                        "printedName": "Swift.String",
                        "usr": "s:SS"
                      }
                    ]
                  },
                  {
                    "kind": "TypeNominal",
                    "name": "Metatype",
                    "printedName": "HybridlocSDK.HybridlocClientError.Type",
                    "children": [
                      {
                        "kind": "TypeNominal",
                        "name": "HybridlocClientError",
                        "printedName": "HybridlocSDK.HybridlocClientError",
                        "usr": "s:12HybridlocSDK0A11ClientErrorO"
                      }
                    ]
                  }
                ]
              }
            ],
            "declKind": "EnumElement",
            "usr": "s:12HybridlocSDK0A11ClientErrorO15unlockingFailedyACSScACmF",
            "mangledName": "$s12HybridlocSDK0A11ClientErrorO15unlockingFailedyACSScACmF",
            "moduleName": "HybridlocSDK",
            "declAttributes": [
              "RawDocComment"
            ]
          },
          {
            "kind": "Var",
            "name": "userCancelledNfcDialog",
            "printedName": "userCancelledNfcDialog",
            "children": [
              {
                "kind": "TypeFunc",
                "name": "Function",
                "printedName": "(HybridlocSDK.HybridlocClientError.Type) -> HybridlocSDK.HybridlocClientError",
                "children": [
                  {
                    "kind": "TypeNominal",
                    "name": "HybridlocClientError",
                    "printedName": "HybridlocSDK.HybridlocClientError",
                    "usr": "s:12HybridlocSDK0A11ClientErrorO"
                  },
                  {
                    "kind": "TypeNominal",
                    "name": "Metatype",
                    "printedName": "HybridlocSDK.HybridlocClientError.Type",
                    "children": [
                      {
                        "kind": "TypeNominal",
                        "name": "HybridlocClientError",
                        "printedName": "HybridlocSDK.HybridlocClientError",
                        "usr": "s:12HybridlocSDK0A11ClientErrorO"
                      }
                    ]
                  }
                ]
              }
            ],
            "declKind": "EnumElement",
            "usr": "s:12HybridlocSDK0A11ClientErrorO22userCancelledNfcDialogyA2CmF",
            "mangledName": "$s12HybridlocSDK0A11ClientErrorO22userCancelledNfcDialogyA2CmF",
            "moduleName": "HybridlocSDK",
            "declAttributes": [
              "RawDocComment"
            ]
          },
          {
            "kind": "Var",
            "name": "cancelled",
            "printedName": "cancelled",
            "children": [
              {
                "kind": "TypeFunc",
                "name": "Function",
                "printedName": "(HybridlocSDK.HybridlocClientError.Type) -> HybridlocSDK.HybridlocClientError",
                "children": [
                  {
                    "kind": "TypeNominal",
                    "name": "HybridlocClientError",
                    "printedName": "HybridlocSDK.HybridlocClientError",
                    "usr": "s:12HybridlocSDK0A11ClientErrorO"
                  },
                  {
                    "kind": "TypeNominal",
                    "name": "Metatype",
                    "printedName": "HybridlocSDK.HybridlocClientError.Type",
                    "children": [
                      {
                        "kind": "TypeNominal",
                        "name": "HybridlocClientError",
                        "printedName": "HybridlocSDK.HybridlocClientError",
                        "usr": "s:12HybridlocSDK0A11ClientErrorO"
                      }
                    ]
                  }
                ]
              }
            ],
            "declKind": "EnumElement",
            "usr": "s:12HybridlocSDK0A11ClientErrorO9cancelledyA2CmF",
            "mangledName": "$s12HybridlocSDK0A11ClientErrorO9cancelledyA2CmF",
            "moduleName": "HybridlocSDK",
            "declAttributes": [
              "RawDocComment"
            ]
          },
          {
            "kind": "Var",
            "name": "processAlreadyRunning",
            "printedName": "processAlreadyRunning",
            "children": [
              {
                "kind": "TypeFunc",
                "name": "Function",
                "printedName": "(HybridlocSDK.HybridlocClientError.Type) -> HybridlocSDK.HybridlocClientError",
                "children": [
                  {
                    "kind": "TypeNominal",
                    "name": "HybridlocClientError",
                    "printedName": "HybridlocSDK.HybridlocClientError",
                    "usr": "s:12HybridlocSDK0A11ClientErrorO"
                  },
                  {
                    "kind": "TypeNominal",
                    "name": "Metatype",
                    "printedName": "HybridlocSDK.HybridlocClientError.Type",
                    "children": [
                      {
                        "kind": "TypeNominal",
                        "name": "HybridlocClientError",
                        "printedName": "HybridlocSDK.HybridlocClientError",
                        "usr": "s:12HybridlocSDK0A11ClientErrorO"
                      }
                    ]
                  }
                ]
              }
            ],
            "declKind": "EnumElement",
            "usr": "s:12HybridlocSDK0A11ClientErrorO21processAlreadyRunningyA2CmF",
            "mangledName": "$s12HybridlocSDK0A11ClientErrorO21processAlreadyRunningyA2CmF",
            "moduleName": "HybridlocSDK",
            "declAttributes": [
              "RawDocComment"
            ]
          },
          {
            "kind": "Var",
            "name": "initializationError",
            "printedName": "initializationError",
            "children": [
              {
                "kind": "TypeNominal",
                "name": "HybridlocClientError",
                "printedName": "HybridlocSDK.HybridlocClientError",
                "usr": "s:12HybridlocSDK0A11ClientErrorO"
              }
            ],
            "declKind": "Var",
            "usr": "s:12HybridlocSDK0A11ClientErrorO014initializationD0ACvpZ",
            "mangledName": "$s12HybridlocSDK0A11ClientErrorO014initializationD0ACvpZ",
            "moduleName": "HybridlocSDK",
            "static": true,
            "declAttributes": [
              "HasInitialValue",
              "HasStorage",
              "AccessControl",
              "RawDocComment"
            ],
            "hasStorage": true,
            "accessors": [
              {
                "kind": "Accessor",
                "name": "Get",
                "printedName": "Get()",
                "children": [
                  {
                    "kind": "TypeNominal",
                    "name": "HybridlocClientError",
                    "printedName": "HybridlocSDK.HybridlocClientError",
                    "usr": "s:12HybridlocSDK0A11ClientErrorO"
                  }
                ],
                "declKind": "Accessor",
                "usr": "s:12HybridlocSDK0A11ClientErrorO014initializationD0ACvgZ",
                "mangledName": "$s12HybridlocSDK0A11ClientErrorO014initializationD0ACvgZ",
                "moduleName": "HybridlocSDK",
                "static": true,
                "implicit": true,
                "accessorKind": "get"
              },
              {
                "kind": "Accessor",
                "name": "Set",
                "printedName": "Set()",
                "children": [
                  {
                    "kind": "TypeNominal",
                    "name": "Void",
                    "printedName": "()"
                  },
                  {
                    "kind": "TypeNominal",
                    "name": "HybridlocClientError",
                    "printedName": "HybridlocSDK.HybridlocClientError",
                    "usr": "s:12HybridlocSDK0A11ClientErrorO"
                  }
                ],
                "declKind": "Accessor",
                "usr": "s:12HybridlocSDK0A11ClientErrorO014initializationD0ACvsZ",
                "mangledName": "$s12HybridlocSDK0A11ClientErrorO014initializationD0ACvsZ",
                "moduleName": "HybridlocSDK",
                "static": true,
                "implicit": true,
                "accessorKind": "set"
              },
              {
                "kind": "Accessor",
                "name": "Modify",
                "printedName": "Modify()",
                "children": [
                  {
                    "kind": "TypeNominal",
                    "name": "Void",
                    "printedName": "()"
                  }
                ],
                "declKind": "Accessor",
                "usr": "s:12HybridlocSDK0A11ClientErrorO014initializationD0ACvMZ",
                "mangledName": "$s12HybridlocSDK0A11ClientErrorO014initializationD0ACvMZ",
                "moduleName": "HybridlocSDK",
                "static": true,
                "implicit": true,
                "accessorKind": "_modify"
              }
            ]
          },
          {
            "kind": "Var",
            "name": "errorDescription",
            "printedName": "errorDescription",
            "children": [
              {
                "kind": "TypeNominal",
                "name": "Optional",
                "printedName": "Swift.String?",
                "children": [
                  {
                    "kind": "TypeNominal",
                    "name": "String",
                    "printedName": "Swift.String",
                    "usr": "s:SS"
                  }
                ],
                "usr": "s:Sq"
              }
            ],
            "declKind": "Var",
            "usr": "s:12HybridlocSDK0A11ClientErrorO16errorDescriptionSSSgvp",
            "mangledName": "$s12HybridlocSDK0A11ClientErrorO16errorDescriptionSSSgvp",
            "moduleName": "HybridlocSDK",
            "declAttributes": [
              "AccessControl"
            ],
            "accessors": [
              {
                "kind": "Accessor",
                "name": "Get",
                "printedName": "Get()",
                "children": [
                  {
                    "kind": "TypeNominal",
                    "name": "Optional",
                    "printedName": "Swift.String?",
                    "children": [
                      {
                        "kind": "TypeNominal",
                        "name": "String",
                        "printedName": "Swift.String",
                        "usr": "s:SS"
                      }
                    ],
                    "usr": "s:Sq"
                  }
                ],
                "declKind": "Accessor",
                "usr": "s:12HybridlocSDK0A11ClientErrorO16errorDescriptionSSSgvg",
                "mangledName": "$s12HybridlocSDK0A11ClientErrorO16errorDescriptionSSSgvg",
                "moduleName": "HybridlocSDK",
                "accessorKind": "get"
              }
            ]
          },
          {
            "kind": "Function",
            "name": "==",
            "printedName": "==(_:_:)",
            "children": [
              {
                "kind": "TypeNominal",
                "name": "Bool",
                "printedName": "Swift.Bool",
                "usr": "s:Sb"
              },
              {
                "kind": "TypeNominal",
                "name": "HybridlocClientError",
                "printedName": "HybridlocSDK.HybridlocClientError",
                "usr": "s:12HybridlocSDK0A11ClientErrorO"
              },
              {
                "kind": "TypeNominal",
                "name": "HybridlocClientError",
                "printedName": "HybridlocSDK.HybridlocClientError",
                "usr": "s:12HybridlocSDK0A11ClientErrorO"
              }
            ],
            "declKind": "Func",
            "usr": "s:12HybridlocSDK0A11ClientErrorO2eeoiySbAC_ACtFZ",
            "mangledName": "$s12HybridlocSDK0A11ClientErrorO2eeoiySbAC_ACtFZ",
            "moduleName": "HybridlocSDK",
            "static": true,
            "implicit": true,
            "funcSelfKind": "NonMutating"
          }
        ],
        "declKind": "Enum",
        "usr": "s:12HybridlocSDK0A11ClientErrorO",
        "mangledName": "$s12HybridlocSDK0A11ClientErrorO",
        "moduleName": "HybridlocSDK",
        "declAttributes": [
          "AccessControl",
          "RawDocComment"
        ],
        "conformances": [
          {
            "kind": "Conformance",
            "name": "LocalizedError",
            "printedName": "LocalizedError",
            "usr": "s:10Foundation14LocalizedErrorP",
            "mangledName": "$s10Foundation14LocalizedErrorP"
          },
          {
            "kind": "Conformance",
            "name": "Equatable",
            "printedName": "Equatable",
            "usr": "s:SQ",
            "mangledName": "$sSQ"
          },
          {
            "kind": "Conformance",
            "name": "Error",
            "printedName": "Error",
            "usr": "s:s5ErrorP",
            "mangledName": "$ss5ErrorP"
          },
          {
            "kind": "Conformance",
            "name": "Sendable",
            "printedName": "Sendable",
            "usr": "s:s8SendableP",
            "mangledName": "$ss8SendableP"
          }
        ]
      },
      {
        "kind": "Import",
        "name": "Foundation",
        "printedName": "Foundation",
        "declKind": "Import",
        "moduleName": "HybridlocSDK",
        "declAttributes": [
          "RawDocComment"
        ]
      },
      {
        "kind": "Import",
        "name": "Foundation",
        "printedName": "Foundation",
        "declKind": "Import",
        "moduleName": "HybridlocSDK",
        "declAttributes": [
          "RawDocComment"
        ]
      },
      {
        "kind": "Import",
        "name": "CommonCrypto",
        "printedName": "CommonCrypto",
        "declKind": "Import",
        "moduleName": "HybridlocSDK",
        "declAttributes": [
          "RawDocComment"
        ]
      },
      {
        "kind": "Import",
        "name": "Foundation",
        "printedName": "Foundation",
        "declKind": "Import",
        "moduleName": "HybridlocSDK",
        "declAttributes": [
          "RawDocComment"
        ]
      },
      {
        "kind": "Import",
        "name": "Foundation",
        "printedName": "Foundation",
        "declKind": "Import",
        "moduleName": "HybridlocSDK",
        "declAttributes": [
          "RawDocComment"
        ]
      },
      {
        "kind": "Import",
        "name": "CryptoKit",
        "printedName": "CryptoKit",
        "declKind": "Import",
        "moduleName": "HybridlocSDK",
        "declAttributes": [
          "RawDocComment"
        ]
      },
      {
        "kind": "Import",
        "name": "Foundation",
        "printedName": "Foundation",
        "declKind": "Import",
        "moduleName": "HybridlocSDK",
        "declAttributes": [
          "RawDocComment"
        ]
      },
      {
        "kind": "Import",
        "name": "Foundation",
        "printedName": "Foundation",
        "declKind": "Import",
        "moduleName": "HybridlocSDK",
        "declAttributes": [
          "RawDocComment"
        ]
      },
      {
        "kind": "Import",
        "name": "CoreNFC",
        "printedName": "CoreNFC",
        "declKind": "Import",
        "moduleName": "HybridlocSDK",
        "declAttributes": [
          "RawDocComment"
        ]
      }
    ],
    "json_format_version": 8
  },
  "ConstValues": [
    {
      "filePath": "\/Users\/hetzner\/buildAgent\/work\/81778e30852256d6\/HybridlocSDK\/Sources\/Util\/Data+Extension.swift",
      "kind": "BooleanLiteral",
      "offset": 457,
      "length": 4,
      "value": "true"
    },
    {
      "filePath": "\/Users\/hetzner\/buildAgent\/work\/81778e30852256d6\/HybridlocSDK\/Sources\/Util\/Data+Extension.swift",
      "kind": "StringLiteral",
      "offset": 508,
      "length": 8,
      "value": "\"%02hhX\""
    },
    {
      "filePath": "\/Users\/hetzner\/buildAgent\/work\/81778e30852256d6\/HybridlocSDK\/Sources\/Util\/Data+Extension.swift",
      "kind": "StringLiteral",
      "offset": 519,
      "length": 8,
      "value": "\"%02hhx\""
    },
    {
      "filePath": "\/Users\/hetzner\/buildAgent\/work\/81778e30852256d6\/HybridlocSDK\/Sources\/Main\/HybridlocClient.swift",
      "kind": "BooleanLiteral",
      "offset": 757,
      "length": 5,
      "value": "false"
    },
    {
      "filePath": "\/Users\/hetzner\/buildAgent\/work\/81778e30852256d6\/HybridlocSDK\/Sources\/Main\/HybridlocClient.swift",
      "kind": "StringLiteral",
      "offset": 938,
      "length": 2,
      "value": "\"\""
    },
    {
      "filePath": "\/Users\/hetzner\/buildAgent\/work\/81778e30852256d6\/HybridlocSDK\/Sources\/Main\/HybridlocClient.swift",
      "kind": "IntegerLiteral",
      "offset": 1539,
      "length": 1,
      "value": "0"
    },
    {
      "filePath": "\/Users\/hetzner\/buildAgent\/work\/81778e30852256d6\/HybridlocSDK\/Sources\/Main\/HybridlocClient.swift",
      "kind": "BooleanLiteral",
      "offset": 1718,
      "length": 5,
      "value": "false"
    },
    {
      "filePath": "\/Users\/hetzner\/buildAgent\/work\/81778e30852256d6\/HybridlocSDK\/Sources\/Main\/HybridlocClient.swift",
      "kind": "IntegerLiteral",
      "offset": 2091,
      "length": 1,
      "value": "0"
    },
    {
      "filePath": "\/Users\/hetzner\/buildAgent\/work\/81778e30852256d6\/HybridlocSDK\/Sources\/Main\/HybridlocClient.swift",
      "kind": "IntegerLiteral",
      "offset": 2199,
      "length": 1,
      "value": "1"
    },
    {
      "filePath": "\/Users\/hetzner\/buildAgent\/work\/81778e30852256d6\/HybridlocSDK\/Sources\/Main\/HybridlocClient.swift",
      "kind": "StringLiteral",
      "offset": 2376,
      "length": 29,
      "value": "\"Initialized HybridlocClient\""
    },
    {
      "filePath": "\/Users\/hetzner\/buildAgent\/work\/81778e30852256d6\/HybridlocSDK\/Sources\/Main\/HybridlocClient.swift",
      "kind": "IntegerLiteral",
      "offset": 2461,
      "length": 1,
      "value": "1"
    },
    {
      "filePath": "\/Users\/hetzner\/buildAgent\/work\/81778e30852256d6\/HybridlocSDK\/Sources\/Main\/HybridlocClient.swift",
      "kind": "StringLiteral",
      "offset": 5699,
      "length": 28,
      "value": "\"Successfully received keys\""
    },
    {
      "filePath": "\/Users\/hetzner\/buildAgent\/work\/81778e30852256d6\/HybridlocSDK\/Sources\/Main\/HybridlocClient.swift",
      "kind": "StringLiteral",
      "offset": 5881,
      "length": 20,
      "value": "\"Saved keys locally\""
    },
    {
      "filePath": "\/Users\/hetzner\/buildAgent\/work\/81778e30852256d6\/HybridlocSDK\/Sources\/Main\/HybridlocClient.swift",
      "kind": "StringLiteral",
      "offset": 5997,
      "length": 30,
      "value": "\"Unable to store keys locally\""
    },
    {
      "filePath": "\/Users\/hetzner\/buildAgent\/work\/81778e30852256d6\/HybridlocSDK\/Sources\/Main\/HybridlocClient.swift",
      "kind": "StringLiteral",
      "offset": 6185,
      "length": 32,
      "value": "\"Unable to get keys from remote\""
    },
    {
      "filePath": "\/Users\/hetzner\/buildAgent\/work\/81778e30852256d6\/HybridlocSDK\/Sources\/Main\/HybridlocClient.swift",
      "kind": "BooleanLiteral",
      "offset": 7208,
      "length": 5,
      "value": "false"
    },
    {
      "filePath": "\/Users\/hetzner\/buildAgent\/work\/81778e30852256d6\/HybridlocSDK\/Sources\/Main\/HybridlocClient.swift",
      "kind": "BooleanLiteral",
      "offset": 7440,
      "length": 5,
      "value": "false"
    },
    {
      "filePath": "\/Users\/hetzner\/buildAgent\/work\/81778e30852256d6\/HybridlocSDK\/Sources\/Main\/HybridlocClient.swift",
      "kind": "BooleanLiteral",
      "offset": 8290,
      "length": 5,
      "value": "false"
    },
    {
      "filePath": "\/Users\/hetzner\/buildAgent\/work\/81778e30852256d6\/HybridlocSDK\/Sources\/Main\/HybridlocClient.swift",
      "kind": "BooleanLiteral",
      "offset": 8421,
      "length": 4,
      "value": "true"
    },
    {
      "filePath": "\/Users\/hetzner\/buildAgent\/work\/81778e30852256d6\/HybridlocSDK\/Sources\/Remote\/DigitalLockApiClientError.swift",
      "kind": "StringLiteral",
      "offset": 672,
      "length": 52,
      "value": "\"authorizationRequestFailed: \""
    },
    {
      "filePath": "\/Users\/hetzner\/buildAgent\/work\/81778e30852256d6\/HybridlocSDK\/Sources\/Remote\/DigitalLockApiClientError.swift",
      "kind": "StringLiteral",
      "offset": 723,
      "length": 1,
      "value": "\"\""
    },
    {
      "filePath": "\/Users\/hetzner\/buildAgent\/work\/81778e30852256d6\/HybridlocSDK\/Sources\/Remote\/DigitalLockApiClientError.swift",
      "kind": "StringLiteral",
      "offset": 795,
      "length": 50,
      "value": "\"digitalKeyFetchingFailed: \""
    },
    {
      "filePath": "\/Users\/hetzner\/buildAgent\/work\/81778e30852256d6\/HybridlocSDK\/Sources\/Remote\/DigitalLockApiClientError.swift",
      "kind": "StringLiteral",
      "offset": 844,
      "length": 1,
      "value": "\"\""
    },
    {
      "filePath": "\/Users\/hetzner\/buildAgent\/work\/81778e30852256d6\/HybridlocSDK\/Sources\/Remote\/DigitalLockApiClientError.swift",
      "kind": "StringLiteral",
      "offset": 890,
      "length": 11,
      "value": "\"cancelled\""
    },
    {
      "filePath": "\/Users\/hetzner\/buildAgent\/work\/81778e30852256d6\/HybridlocSDK\/Sources\/Remote\/DigitalLockApiClientError.swift",
      "kind": "StringLiteral",
      "offset": 1406,
      "length": 22,
      "value": "\"noInternetConnection\""
    },
    {
      "filePath": "\/Users\/hetzner\/buildAgent\/work\/81778e30852256d6\/HybridlocSDK\/Sources\/Remote\/DigitalLockApiClientError.swift",
      "kind": "StringLiteral",
      "offset": 1482,
      "length": 12,
      "value": "\"badRequest\""
    },
    {
      "filePath": "\/Users\/hetzner\/buildAgent\/work\/81778e30852256d6\/HybridlocSDK\/Sources\/Remote\/DigitalLockApiClientError.swift",
      "kind": "StringLiteral",
      "offset": 1557,
      "length": 21,
      "value": "\"internalServerError\""
    },
    {
      "filePath": "\/Users\/hetzner\/buildAgent\/work\/81778e30852256d6\/HybridlocSDK\/Sources\/Remote\/DigitalLockApiClientError.swift",
      "kind": "StringLiteral",
      "offset": 1634,
      "length": 14,
      "value": "\"unauthorized\""
    },
    {
      "filePath": "\/Users\/hetzner\/buildAgent\/work\/81778e30852256d6\/HybridlocSDK\/Sources\/Remote\/DigitalLockApiClientError.swift",
      "kind": "StringLiteral",
      "offset": 1709,
      "length": 19,
      "value": "\"jsonDecodingError\""
    },
    {
      "filePath": "\/Users\/hetzner\/buildAgent\/work\/81778e30852256d6\/HybridlocSDK\/Sources\/Remote\/DigitalLockApiClientError.swift",
      "kind": "StringLiteral",
      "offset": 1788,
      "length": 18,
      "value": "\"dataLoadingError\""
    },
    {
      "filePath": "\/Users\/hetzner\/buildAgent\/work\/81778e30852256d6\/HybridlocSDK\/Sources\/Remote\/DigitalLockApiClientError.swift",
      "kind": "StringLiteral",
      "offset": 1870,
      "length": 22,
      "value": "\"responseParsingError\""
    },
    {
      "filePath": "\/Users\/hetzner\/buildAgent\/work\/81778e30852256d6\/HybridlocSDK\/Sources\/Remote\/DigitalLockApiClientError.swift",
      "kind": "StringLiteral",
      "offset": 1956,
      "length": 22,
      "value": "\"unexpectedStatusCode\""
    },
    {
      "filePath": "\/Users\/hetzner\/buildAgent\/work\/81778e30852256d6\/HybridlocSDK\/Sources\/Remote\/DigitalLockApiClientError.swift",
      "kind": "StringLiteral",
      "offset": 2031,
      "length": 11,
      "value": "\"cancelled\""
    },
    {
      "filePath": "\/Users\/hetzner\/buildAgent\/work\/81778e30852256d6\/HybridlocSDK\/Sources\/Remote\/DigitalLockApiClientError.swift",
      "kind": "BooleanLiteral",
      "offset": 2314,
      "length": 4,
      "value": "true"
    },
    {
      "filePath": "\/Users\/hetzner\/buildAgent\/work\/81778e30852256d6\/HybridlocSDK\/Sources\/Remote\/DigitalLockApiClientError.swift",
      "kind": "BooleanLiteral",
      "offset": 2387,
      "length": 4,
      "value": "true"
    },
    {
      "filePath": "\/Users\/hetzner\/buildAgent\/work\/81778e30852256d6\/HybridlocSDK\/Sources\/Remote\/DigitalLockApiClientError.swift",
      "kind": "BooleanLiteral",
      "offset": 2478,
      "length": 4,
      "value": "true"
    },
    {
      "filePath": "\/Users\/hetzner\/buildAgent\/work\/81778e30852256d6\/HybridlocSDK\/Sources\/Remote\/DigitalLockApiClientError.swift",
      "kind": "StringLiteral",
      "offset": 2710,
      "length": 13,
      "value": "\"\""
    },
    {
      "filePath": "\/Users\/hetzner\/buildAgent\/work\/81778e30852256d6\/HybridlocSDK\/Sources\/Remote\/DigitalLockApiClientError.swift",
      "kind": "StringLiteral",
      "offset": 2722,
      "length": 6,
      "value": "\"\""
    },
    {
      "filePath": "\/Users\/hetzner\/buildAgent\/work\/81778e30852256d6\/HybridlocSDK\/Sources\/Remote\/DigitalLockApiClientError.swift",
      "kind": "StringLiteral",
      "offset": 2727,
      "length": 13,
      "value": "\"\""
    },
    {
      "filePath": "\/Users\/hetzner\/buildAgent\/work\/81778e30852256d6\/HybridlocSDK\/Sources\/Remote\/DigitalLockApiClientError.swift",
      "kind": "StringLiteral",
      "offset": 2739,
      "length": 1,
      "value": "\"\""
    },
    {
      "filePath": "\/Users\/hetzner\/buildAgent\/work\/81778e30852256d6\/HybridlocSDK\/Sources\/Remote\/DigitalLockApiClientError.swift",
      "kind": "StringLiteral",
      "offset": 2845,
      "length": 13,
      "value": "\"\""
    },
    {
      "filePath": "\/Users\/hetzner\/buildAgent\/work\/81778e30852256d6\/HybridlocSDK\/Sources\/Remote\/DigitalLockApiClientError.swift",
      "kind": "StringLiteral",
      "offset": 2857,
      "length": 6,
      "value": "\"\""
    },
    {
      "filePath": "\/Users\/hetzner\/buildAgent\/work\/81778e30852256d6\/HybridlocSDK\/Sources\/Remote\/DigitalLockApiClientError.swift",
      "kind": "StringLiteral",
      "offset": 2862,
      "length": 13,
      "value": "\"\""
    },
    {
      "filePath": "\/Users\/hetzner\/buildAgent\/work\/81778e30852256d6\/HybridlocSDK\/Sources\/Remote\/DigitalLockApiClientError.swift",
      "kind": "StringLiteral",
      "offset": 2874,
      "length": 1,
      "value": "\"\""
    },
    {
      "filePath": "\/Users\/hetzner\/buildAgent\/work\/81778e30852256d6\/HybridlocSDK\/Sources\/Remote\/DigitalLockApiClientError.swift",
      "kind": "BooleanLiteral",
      "offset": 2964,
      "length": 4,
      "value": "true"
    },
    {
      "filePath": "\/Users\/hetzner\/buildAgent\/work\/81778e30852256d6\/HybridlocSDK\/Sources\/Remote\/DigitalLockApiClientError.swift",
      "kind": "BooleanLiteral",
      "offset": 3164,
      "length": 4,
      "value": "true"
    },
    {
      "filePath": "\/Users\/hetzner\/buildAgent\/work\/81778e30852256d6\/HybridlocSDK\/Sources\/Remote\/DigitalLockApiClientError.swift",
      "kind": "BooleanLiteral",
      "offset": 3213,
      "length": 5,
      "value": "false"
    },
    {
      "filePath": "\/Users\/hetzner\/buildAgent\/work\/81778e30852256d6\/HybridlocSDK\/Sources\/Local\/KeychainManager\/KeychainManagerError.swift",
      "kind": "StringLiteral",
      "offset": 397,
      "length": 12,
      "value": "\"noPassword\""
    },
    {
      "filePath": "\/Users\/hetzner\/buildAgent\/work\/81778e30852256d6\/HybridlocSDK\/Sources\/Local\/KeychainManager\/KeychainManagerError.swift",
      "kind": "StringLiteral",
      "offset": 467,
      "length": 24,
      "value": "\"unexpectedPasswordData\""
    },
    {
      "filePath": "\/Users\/hetzner\/buildAgent\/work\/81778e30852256d6\/HybridlocSDK\/Sources\/Local\/KeychainManager\/KeychainManagerError.swift",
      "kind": "StringLiteral",
      "offset": 553,
      "length": 27,
      "value": "\"unhandledError: \""
    },
    {
      "filePath": "\/Users\/hetzner\/buildAgent\/work\/81778e30852256d6\/HybridlocSDK\/Sources\/Local\/KeychainManager\/KeychainManagerError.swift",
      "kind": "StringLiteral",
      "offset": 579,
      "length": 1,
      "value": "\"\""
    },
    {
      "filePath": "\/Users\/hetzner\/buildAgent\/work\/81778e30852256d6\/HybridlocSDK\/Sources\/Main\/HybridlocClientError.swift",
      "kind": "StringLiteral",
      "offset": 1307,
      "length": 526,
      "value": "\"Only one active instance of HybridlocClient is allowed. Please reuse created instances instead of creating new ones or consider deinitializing a created instance beforehand. Also be sure to not establish retain cycles between your code and instances of this class.\n\nBefore initializing a new instance of this class, please make sure to call cancelLockOpening()\non the old instance. Otherwise the old instance may leak!\""
    },
    {
      "filePath": "\/Users\/hetzner\/buildAgent\/work\/81778e30852256d6\/HybridlocSDK\/Sources\/Main\/HybridlocClientError.swift",
      "kind": "StringLiteral",
      "offset": 1968,
      "length": 28,
      "value": "\"usageError: \""
    },
    {
      "filePath": "\/Users\/hetzner\/buildAgent\/work\/81778e30852256d6\/HybridlocSDK\/Sources\/Main\/HybridlocClientError.swift",
      "kind": "StringLiteral",
      "offset": 1995,
      "length": 1,
      "value": "\"\""
    },
    {
      "filePath": "\/Users\/hetzner\/buildAgent\/work\/81778e30852256d6\/HybridlocSDK\/Sources\/Main\/HybridlocClientError.swift",
      "kind": "StringLiteral",
      "offset": 2065,
      "length": 34,
      "value": "\"keyLoadingFailed: \""
    },
    {
      "filePath": "\/Users\/hetzner\/buildAgent\/work\/81778e30852256d6\/HybridlocSDK\/Sources\/Main\/HybridlocClientError.swift",
      "kind": "StringLiteral",
      "offset": 2098,
      "length": 1,
      "value": "\"\""
    },
    {
      "filePath": "\/Users\/hetzner\/buildAgent\/work\/81778e30852256d6\/HybridlocSDK\/Sources\/Main\/HybridlocClientError.swift",
      "kind": "StringLiteral",
      "offset": 2167,
      "length": 33,
      "value": "\"unlockingFailed: \""
    },
    {
      "filePath": "\/Users\/hetzner\/buildAgent\/work\/81778e30852256d6\/HybridlocSDK\/Sources\/Main\/HybridlocClientError.swift",
      "kind": "StringLiteral",
      "offset": 2199,
      "length": 1,
      "value": "\"\""
    },
    {
      "filePath": "\/Users\/hetzner\/buildAgent\/work\/81778e30852256d6\/HybridlocSDK\/Sources\/Main\/HybridlocClientError.swift",
      "kind": "StringLiteral",
      "offset": 2258,
      "length": 24,
      "value": "\"userCancelledNfcDialog\""
    },
    {
      "filePath": "\/Users\/hetzner\/buildAgent\/work\/81778e30852256d6\/HybridlocSDK\/Sources\/Main\/HybridlocClientError.swift",
      "kind": "StringLiteral",
      "offset": 2327,
      "length": 11,
      "value": "\"cancelled\""
    },
    {
      "filePath": "\/Users\/hetzner\/buildAgent\/work\/81778e30852256d6\/HybridlocSDK\/Sources\/Main\/HybridlocClientError.swift",
      "kind": "StringLiteral",
      "offset": 2395,
      "length": 23,
      "value": "\"processAlreadyRunning\""
    },
    {
      "filePath": "\/Users\/hetzner\/buildAgent\/work\/81778e30852256d6\/HybridlocSDK\/Sources\/LockOpener\/LockOpenerError.swift",
      "kind": "StringLiteral",
      "offset": 1040,
      "length": 17,
      "value": "\"invalidDeeplink\""
    },
    {
      "filePath": "\/Users\/hetzner\/buildAgent\/work\/81778e30852256d6\/HybridlocSDK\/Sources\/LockOpener\/LockOpenerError.swift",
      "kind": "StringLiteral",
      "offset": 1107,
      "length": 16,
      "value": "\"noKeyForShopId\""
    },
    {
      "filePath": "\/Users\/hetzner\/buildAgent\/work\/81778e30852256d6\/HybridlocSDK\/Sources\/LockOpener\/LockOpenerError.swift",
      "kind": "StringLiteral",
      "offset": 1174,
      "length": 17,
      "value": "\"encryptionError\""
    },
    {
      "filePath": "\/Users\/hetzner\/buildAgent\/work\/81778e30852256d6\/HybridlocSDK\/Sources\/LockOpener\/LockOpenerError.swift",
      "kind": "StringLiteral",
      "offset": 1261,
      "length": 44,
      "value": "\"keyHandlingError: (\""
    },
    {
      "filePath": "\/Users\/hetzner\/buildAgent\/work\/81778e30852256d6\/HybridlocSDK\/Sources\/LockOpener\/LockOpenerError.swift",
      "kind": "StringLiteral",
      "offset": 1303,
      "length": 1,
      "value": "\")\""
    },
    {
      "filePath": "\/Users\/hetzner\/buildAgent\/work\/81778e30852256d6\/HybridlocSDK\/Sources\/LockOpener\/LockOpenerError.swift",
      "kind": "StringLiteral",
      "offset": 1360,
      "length": 36,
      "value": "\"nfcError: (\""
    },
    {
      "filePath": "\/Users\/hetzner\/buildAgent\/work\/81778e30852256d6\/HybridlocSDK\/Sources\/LockOpener\/LockOpenerError.swift",
      "kind": "StringLiteral",
      "offset": 1394,
      "length": 1,
      "value": "\")\""
    },
    {
      "filePath": "\/Users\/hetzner\/buildAgent\/work\/81778e30852256d6\/HybridlocSDK\/Sources\/LockOpener\/LockOpenerError.swift",
      "kind": "StringLiteral",
      "offset": 1441,
      "length": 11,
      "value": "\"cancelled\""
    },
    {
      "filePath": "\/Users\/hetzner\/buildAgent\/work\/81778e30852256d6\/HybridlocSDK\/Sources\/Local\/DeviceStorageManager\/DeviceStorageManagerError.swift",
      "kind": "StringLiteral",
      "offset": 477,
      "length": 18,
      "value": "\"fileManagerError\""
    },
    {
      "filePath": "\/Users\/hetzner\/buildAgent\/work\/81778e30852256d6\/HybridlocSDK\/Sources\/Local\/DeviceStorageManager\/DeviceStorageManagerError.swift",
      "kind": "StringLiteral",
      "offset": 554,
      "length": 38,
      "value": "\"writingError: \""
    },
    {
      "filePath": "\/Users\/hetzner\/buildAgent\/work\/81778e30852256d6\/HybridlocSDK\/Sources\/Local\/DeviceStorageManager\/DeviceStorageManagerError.swift",
      "kind": "StringLiteral",
      "offset": 591,
      "length": 1,
      "value": "\"\""
    },
    {
      "filePath": "\/Users\/hetzner\/buildAgent\/work\/81778e30852256d6\/HybridlocSDK\/Sources\/Local\/DeviceStorageManager\/DeviceStorageManagerError.swift",
      "kind": "StringLiteral",
      "offset": 651,
      "length": 38,
      "value": "\"readingError: \""
    },
    {
      "filePath": "\/Users\/hetzner\/buildAgent\/work\/81778e30852256d6\/HybridlocSDK\/Sources\/Local\/DeviceStorageManager\/DeviceStorageManagerError.swift",
      "kind": "StringLiteral",
      "offset": 688,
      "length": 1,
      "value": "\"\""
    },
    {
      "filePath": "\/Users\/hetzner\/buildAgent\/work\/81778e30852256d6\/HybridlocSDK\/Sources\/Local\/DeviceStorageManager\/DeviceStorageManagerError.swift",
      "kind": "BooleanLiteral",
      "offset": 863,
      "length": 4,
      "value": "true"
    },
    {
      "filePath": "\/Users\/hetzner\/buildAgent\/work\/81778e30852256d6\/HybridlocSDK\/Sources\/Local\/DeviceStorageManager\/DeviceStorageManagerError.swift",
      "kind": "StringLiteral",
      "offset": 956,
      "length": 13,
      "value": "\"\""
    },
    {
      "filePath": "\/Users\/hetzner\/buildAgent\/work\/81778e30852256d6\/HybridlocSDK\/Sources\/Local\/DeviceStorageManager\/DeviceStorageManagerError.swift",
      "kind": "StringLiteral",
      "offset": 968,
      "length": 6,
      "value": "\"\""
    },
    {
      "filePath": "\/Users\/hetzner\/buildAgent\/work\/81778e30852256d6\/HybridlocSDK\/Sources\/Local\/DeviceStorageManager\/DeviceStorageManagerError.swift",
      "kind": "StringLiteral",
      "offset": 973,
      "length": 13,
      "value": "\"\""
    },
    {
      "filePath": "\/Users\/hetzner\/buildAgent\/work\/81778e30852256d6\/HybridlocSDK\/Sources\/Local\/DeviceStorageManager\/DeviceStorageManagerError.swift",
      "kind": "StringLiteral",
      "offset": 985,
      "length": 1,
      "value": "\"\""
    },
    {
      "filePath": "\/Users\/hetzner\/buildAgent\/work\/81778e30852256d6\/HybridlocSDK\/Sources\/Local\/DeviceStorageManager\/DeviceStorageManagerError.swift",
      "kind": "StringLiteral",
      "offset": 1075,
      "length": 13,
      "value": "\"\""
    },
    {
      "filePath": "\/Users\/hetzner\/buildAgent\/work\/81778e30852256d6\/HybridlocSDK\/Sources\/Local\/DeviceStorageManager\/DeviceStorageManagerError.swift",
      "kind": "StringLiteral",
      "offset": 1087,
      "length": 6,
      "value": "\"\""
    },
    {
      "filePath": "\/Users\/hetzner\/buildAgent\/work\/81778e30852256d6\/HybridlocSDK\/Sources\/Local\/DeviceStorageManager\/DeviceStorageManagerError.swift",
      "kind": "StringLiteral",
      "offset": 1092,
      "length": 13,
      "value": "\"\""
    },
    {
      "filePath": "\/Users\/hetzner\/buildAgent\/work\/81778e30852256d6\/HybridlocSDK\/Sources\/Local\/DeviceStorageManager\/DeviceStorageManagerError.swift",
      "kind": "StringLiteral",
      "offset": 1104,
      "length": 1,
      "value": "\"\""
    },
    {
      "filePath": "\/Users\/hetzner\/buildAgent\/work\/81778e30852256d6\/HybridlocSDK\/Sources\/Local\/DeviceStorageManager\/DeviceStorageManagerError.swift",
      "kind": "BooleanLiteral",
      "offset": 1142,
      "length": 5,
      "value": "false"
    },
    {
      "filePath": "\/Users\/hetzner\/buildAgent\/work\/81778e30852256d6\/HybridlocSDK\/Sources\/Util\/Error+Extension.swift",
      "kind": "StringLiteral",
      "offset": 432,
      "length": 14,
      "value": "\"\""
    },
    {
      "filePath": "\/Users\/hetzner\/buildAgent\/work\/81778e30852256d6\/HybridlocSDK\/Sources\/Util\/Error+Extension.swift",
      "kind": "StringLiteral",
      "offset": 445,
      "length": 1,
      "value": "\"\""
    },
    {
      "filePath": "\/Users\/hetzner\/buildAgent\/work\/81778e30852256d6\/HybridlocSDK\/Sources\/Util\/Error+Extension.swift",
      "kind": "StringLiteral",
      "offset": 472,
      "length": 9,
      "value": "\"\""
    },
    {
      "filePath": "\/Users\/hetzner\/buildAgent\/work\/81778e30852256d6\/HybridlocSDK\/Sources\/Util\/Error+Extension.swift",
      "kind": "StringLiteral",
      "offset": 480,
      "length": 1,
      "value": "\"\""
    },
    {
      "filePath": "\/Users\/hetzner\/buildAgent\/work\/81778e30852256d6\/HybridlocSDK\/Sources\/Local\/KeychainManager\/KeychainManager.swift",
      "kind": "BooleanLiteral",
      "offset": 1551,
      "length": 4,
      "value": "true"
    },
    {
      "filePath": "\/Users\/hetzner\/buildAgent\/work\/81778e30852256d6\/HybridlocSDK\/Sources\/Local\/KeychainManager\/KeychainManager.swift",
      "kind": "BooleanLiteral",
      "offset": 2214,
      "length": 4,
      "value": "true"
    },
    {
      "filePath": "\/Users\/hetzner\/buildAgent\/work\/81778e30852256d6\/HybridlocSDK\/Sources\/Local\/KeychainManager\/KeychainManager.swift",
      "kind": "BooleanLiteral",
      "offset": 2258,
      "length": 4,
      "value": "true"
    },
    {
      "filePath": "\/Users\/hetzner\/buildAgent\/work\/81778e30852256d6\/HybridlocSDK\/Sources\/LockOpener\/LockOpener.swift",
      "kind": "StringLiteral",
      "offset": 1293,
      "length": 30,
      "value": "\"wanzl:\/\/trolley\/digitallock\/\""
    },
    {
      "filePath": "\/Users\/hetzner\/buildAgent\/work\/81778e30852256d6\/HybridlocSDK\/Sources\/LockOpener\/LockOpener.swift",
      "kind": "StringLiteral",
      "offset": 1405,
      "length": 4,
      "value": "\"v1\""
    },
    {
      "filePath": "\/Users\/hetzner\/buildAgent\/work\/81778e30852256d6\/HybridlocSDK\/Sources\/LockOpener\/LockOpener.swift",
      "kind": "StringLiteral",
      "offset": 1622,
      "length": 3,
      "value": "\"\/\""
    },
    {
      "filePath": "\/Users\/hetzner\/buildAgent\/work\/81778e30852256d6\/HybridlocSDK\/Sources\/LockOpener\/LockOpener.swift",
      "kind": "BooleanLiteral",
      "offset": 2179,
      "length": 5,
      "value": "false"
    },
    {
      "filePath": "\/Users\/hetzner\/buildAgent\/work\/81778e30852256d6\/HybridlocSDK\/Sources\/LockOpener\/LockOpener.swift",
      "kind": "BooleanLiteral",
      "offset": 2914,
      "length": 5,
      "value": "false"
    },
    {
      "filePath": "\/Users\/hetzner\/buildAgent\/work\/81778e30852256d6\/HybridlocSDK\/Sources\/LockOpener\/LockOpener.swift",
      "kind": "StringLiteral",
      "offset": 4598,
      "length": 6,
      "value": "\" .en\""
    },
    {
      "filePath": "\/Users\/hetzner\/buildAgent\/work\/81778e30852256d6\/HybridlocSDK\/Sources\/LockOpener\/LockOpener.swift",
      "kind": "BooleanLiteral",
      "offset": 5214,
      "length": 5,
      "value": "false"
    },
    {
      "filePath": "\/Users\/hetzner\/buildAgent\/work\/81778e30852256d6\/HybridlocSDK\/Sources\/LockOpener\/LockOpener.swift",
      "kind": "BooleanLiteral",
      "offset": 5278,
      "length": 4,
      "value": "true"
    },
    {
      "filePath": "\/Users\/hetzner\/buildAgent\/work\/81778e30852256d6\/HybridlocSDK\/Sources\/LockOpener\/LockOpener.swift",
      "kind": "IntegerLiteral",
      "offset": 5802,
      "length": 1,
      "value": "1"
    },
    {
      "filePath": "\/Users\/hetzner\/buildAgent\/work\/81778e30852256d6\/HybridlocSDK\/Sources\/LockOpener\/LockOpener.swift",
      "kind": "StringLiteral",
      "offset": 5886,
      "length": 3,
      "value": "\"\/\""
    },
    {
      "filePath": "\/Users\/hetzner\/buildAgent\/work\/81778e30852256d6\/HybridlocSDK\/Sources\/LockOpener\/LockOpener.swift",
      "kind": "IntegerLiteral",
      "offset": 5959,
      "length": 1,
      "value": "0"
    },
    {
      "filePath": "\/Users\/hetzner\/buildAgent\/work\/81778e30852256d6\/HybridlocSDK\/Sources\/LockOpener\/LockOpener.swift",
      "kind": "IntegerLiteral",
      "offset": 6012,
      "length": 1,
      "value": "1"
    },
    {
      "filePath": "\/Users\/hetzner\/buildAgent\/work\/81778e30852256d6\/HybridlocSDK\/Sources\/LockOpener\/LockOpener.swift",
      "kind": "StringLiteral",
      "offset": 6125,
      "length": 31,
      "value": "\"\""
    },
    {
      "filePath": "\/Users\/hetzner\/buildAgent\/work\/81778e30852256d6\/HybridlocSDK\/Sources\/LockOpener\/LockOpener.swift",
      "kind": "StringLiteral",
      "offset": 6139,
      "length": 1,
      "value": "\"{30:\""
    },
    {
      "filePath": "\/Users\/hetzner\/buildAgent\/work\/81778e30852256d6\/HybridlocSDK\/Sources\/LockOpener\/LockOpener.swift",
      "kind": "StringLiteral",
      "offset": 6154,
      "length": 1,
      "value": "\"}\""
    },
    {
      "filePath": "\/Users\/hetzner\/buildAgent\/work\/81778e30852256d6\/HybridlocSDK\/Sources\/Encryption\/UnlockCommandEncryptor.swift",
      "kind": "Array",
      "offset": 912,
      "length": 48,
      "value": "[0, 0, 0, 0, 0, 0, 0, 0, 0, 0, 0, 0, 0, 0, 0, 0]"
    },
    {
      "filePath": "\/Users\/hetzner\/buildAgent\/work\/81778e30852256d6\/HybridlocSDK\/Sources\/Encryption\/UnlockCommandEncryptor.swift",
      "kind": "IntegerLiteral",
      "offset": 1139,
      "length": 1,
      "value": "0"
    },
    {
      "filePath": "\/Users\/hetzner\/buildAgent\/work\/81778e30852256d6\/HybridlocSDK\/Sources\/Encryption\/UnlockCommandEncryptor.swift",
      "kind": "IntegerLiteral",
      "offset": 1184,
      "length": 1,
      "value": "0"
    },
    {
      "filePath": "\/Users\/hetzner\/buildAgent\/work\/81778e30852256d6\/HybridlocSDK\/Sources\/Remote\/Models\/DigitalKeys.swift",
      "kind": "Dictionary",
      "offset": 664,
      "length": 3,
      "value": "[]"
    },
    {
      "filePath": "\/Users\/hetzner\/buildAgent\/work\/81778e30852256d6\/HybridlocSDK\/Sources\/Remote\/Models\/DigitalKeys.swift",
      "kind": "StringLiteral",
      "offset": 692,
      "length": 2,
      "value": "\"\""
    },
    {
      "filePath": "\/Users\/hetzner\/buildAgent\/work\/81778e30852256d6\/HybridlocSDK\/Sources\/Remote\/Models\/DigitalKeys.swift",
      "kind": "IntegerLiteral",
      "offset": 720,
      "length": 7,
      "value": "1728000"
    },
    {
      "filePath": "\/Users\/hetzner\/buildAgent\/work\/81778e30852256d6\/HybridlocSDK\/Sources\/NfcService\/NfcServiceError.swift",
      "kind": "StringLiteral",
      "offset": 664,
      "length": 50,
      "value": "\"didInvalidateWithError: (\""
    },
    {
      "filePath": "\/Users\/hetzner\/buildAgent\/work\/81778e30852256d6\/HybridlocSDK\/Sources\/NfcService\/NfcServiceError.swift",
      "kind": "StringLiteral",
      "offset": 712,
      "length": 1,
      "value": "\")\""
    },
    {
      "filePath": "\/Users\/hetzner\/buildAgent\/work\/81778e30852256d6\/HybridlocSDK\/Sources\/NfcService\/NfcServiceError.swift",
      "kind": "StringLiteral",
      "offset": 764,
      "length": 16,
      "value": "\"notWritableTag\""
    },
    {
      "filePath": "\/Users\/hetzner\/buildAgent\/work\/81778e30852256d6\/HybridlocSDK\/Sources\/NfcService\/NfcServiceError.swift",
      "kind": "StringLiteral",
      "offset": 830,
      "length": 16,
      "value": "\"recordNotFound\""
    },
    {
      "filePath": "\/Users\/hetzner\/buildAgent\/work\/81778e30852256d6\/HybridlocSDK\/Sources\/NfcService\/NfcServiceError.swift",
      "kind": "StringLiteral",
      "offset": 905,
      "length": 40,
      "value": "\"readingError: (\""
    },
    {
      "filePath": "\/Users\/hetzner\/buildAgent\/work\/81778e30852256d6\/HybridlocSDK\/Sources\/NfcService\/NfcServiceError.swift",
      "kind": "StringLiteral",
      "offset": 943,
      "length": 1,
      "value": "\")\""
    },
    {
      "filePath": "\/Users\/hetzner\/buildAgent\/work\/81778e30852256d6\/HybridlocSDK\/Sources\/NfcService\/NfcServiceError.swift",
      "kind": "StringLiteral",
      "offset": 998,
      "length": 19,
      "value": "\"sessionOrTagIsNil\""
    },
    {
      "filePath": "\/Users\/hetzner\/buildAgent\/work\/81778e30852256d6\/HybridlocSDK\/Sources\/NfcService\/NfcServiceError.swift",
      "kind": "StringLiteral",
      "offset": 1076,
      "length": 40,
      "value": "\"writingError: (\""
    },
    {
      "filePath": "\/Users\/hetzner\/buildAgent\/work\/81778e30852256d6\/HybridlocSDK\/Sources\/NfcService\/NfcServiceError.swift",
      "kind": "StringLiteral",
      "offset": 1114,
      "length": 1,
      "value": "\")\""
    },
    {
      "filePath": "\/Users\/hetzner\/buildAgent\/work\/81778e30852256d6\/HybridlocSDK\/Sources\/NfcService\/NfcServiceError.swift",
      "kind": "StringLiteral",
      "offset": 1169,
      "length": 19,
      "value": "\"unexpectedCleanup\""
    },
    {
      "filePath": "\/Users\/hetzner\/buildAgent\/work\/81778e30852256d6\/HybridlocSDK\/Sources\/NfcService\/NfcServiceError.swift",
      "kind": "StringLiteral",
      "offset": 1237,
      "length": 15,
      "value": "\"userCancelled\""
    },
    {
      "filePath": "\/Users\/hetzner\/buildAgent\/work\/81778e30852256d6\/HybridlocSDK\/Sources\/NfcService\/NfcServiceError.swift",
      "kind": "StringLiteral",
      "offset": 1297,
      "length": 11,
      "value": "\"cancelled\""
    },
    {
      "filePath": "\/Users\/hetzner\/buildAgent\/work\/81778e30852256d6\/HybridlocSDK\/Sources\/NfcService\/NfcServiceError.swift",
      "kind": "StringLiteral",
      "offset": 1518,
      "length": 13,
      "value": "\"\""
    },
    {
      "filePath": "\/Users\/hetzner\/buildAgent\/work\/81778e30852256d6\/HybridlocSDK\/Sources\/NfcService\/NfcServiceError.swift",
      "kind": "StringLiteral",
      "offset": 1530,
      "length": 6,
      "value": "\"\""
    },
    {
      "filePath": "\/Users\/hetzner\/buildAgent\/work\/81778e30852256d6\/HybridlocSDK\/Sources\/NfcService\/NfcServiceError.swift",
      "kind": "StringLiteral",
      "offset": 1535,
      "length": 13,
      "value": "\"\""
    },
    {
      "filePath": "\/Users\/hetzner\/buildAgent\/work\/81778e30852256d6\/HybridlocSDK\/Sources\/NfcService\/NfcServiceError.swift",
      "kind": "StringLiteral",
      "offset": 1547,
      "length": 1,
      "value": "\"\""
    },
    {
      "filePath": "\/Users\/hetzner\/buildAgent\/work\/81778e30852256d6\/HybridlocSDK\/Sources\/NfcService\/NfcServiceError.swift",
      "kind": "BooleanLiteral",
      "offset": 1617,
      "length": 4,
      "value": "true"
    },
    {
      "filePath": "\/Users\/hetzner\/buildAgent\/work\/81778e30852256d6\/HybridlocSDK\/Sources\/NfcService\/NfcServiceError.swift",
      "kind": "BooleanLiteral",
      "offset": 1690,
      "length": 4,
      "value": "true"
    },
    {
      "filePath": "\/Users\/hetzner\/buildAgent\/work\/81778e30852256d6\/HybridlocSDK\/Sources\/NfcService\/NfcServiceError.swift",
      "kind": "StringLiteral",
      "offset": 1783,
      "length": 13,
      "value": "\"\""
    },
    {
      "filePath": "\/Users\/hetzner\/buildAgent\/work\/81778e30852256d6\/HybridlocSDK\/Sources\/NfcService\/NfcServiceError.swift",
      "kind": "StringLiteral",
      "offset": 1795,
      "length": 6,
      "value": "\"\""
    },
    {
      "filePath": "\/Users\/hetzner\/buildAgent\/work\/81778e30852256d6\/HybridlocSDK\/Sources\/NfcService\/NfcServiceError.swift",
      "kind": "StringLiteral",
      "offset": 1800,
      "length": 13,
      "value": "\"\""
    },
    {
      "filePath": "\/Users\/hetzner\/buildAgent\/work\/81778e30852256d6\/HybridlocSDK\/Sources\/NfcService\/NfcServiceError.swift",
      "kind": "StringLiteral",
      "offset": 1812,
      "length": 1,
      "value": "\"\""
    },
    {
      "filePath": "\/Users\/hetzner\/buildAgent\/work\/81778e30852256d6\/HybridlocSDK\/Sources\/NfcService\/NfcServiceError.swift",
      "kind": "BooleanLiteral",
      "offset": 1888,
      "length": 4,
      "value": "true"
    },
    {
      "filePath": "\/Users\/hetzner\/buildAgent\/work\/81778e30852256d6\/HybridlocSDK\/Sources\/NfcService\/NfcServiceError.swift",
      "kind": "StringLiteral",
      "offset": 1981,
      "length": 13,
      "value": "\"\""
    },
    {
      "filePath": "\/Users\/hetzner\/buildAgent\/work\/81778e30852256d6\/HybridlocSDK\/Sources\/NfcService\/NfcServiceError.swift",
      "kind": "StringLiteral",
      "offset": 1993,
      "length": 6,
      "value": "\"\""
    },
    {
      "filePath": "\/Users\/hetzner\/buildAgent\/work\/81778e30852256d6\/HybridlocSDK\/Sources\/NfcService\/NfcServiceError.swift",
      "kind": "StringLiteral",
      "offset": 1998,
      "length": 13,
      "value": "\"\""
    },
    {
      "filePath": "\/Users\/hetzner\/buildAgent\/work\/81778e30852256d6\/HybridlocSDK\/Sources\/NfcService\/NfcServiceError.swift",
      "kind": "StringLiteral",
      "offset": 2010,
      "length": 1,
      "value": "\"\""
    },
    {
      "filePath": "\/Users\/hetzner\/buildAgent\/work\/81778e30852256d6\/HybridlocSDK\/Sources\/NfcService\/NfcServiceError.swift",
      "kind": "BooleanLiteral",
      "offset": 2086,
      "length": 4,
      "value": "true"
    },
    {
      "filePath": "\/Users\/hetzner\/buildAgent\/work\/81778e30852256d6\/HybridlocSDK\/Sources\/NfcService\/NfcServiceError.swift",
      "kind": "BooleanLiteral",
      "offset": 2157,
      "length": 4,
      "value": "true"
    },
    {
      "filePath": "\/Users\/hetzner\/buildAgent\/work\/81778e30852256d6\/HybridlocSDK\/Sources\/NfcService\/NfcServiceError.swift",
      "kind": "BooleanLiteral",
      "offset": 2220,
      "length": 4,
      "value": "true"
    },
    {
      "filePath": "\/Users\/hetzner\/buildAgent\/work\/81778e30852256d6\/HybridlocSDK\/Sources\/NfcService\/NfcServiceError.swift",
      "kind": "BooleanLiteral",
      "offset": 2261,
      "length": 5,
      "value": "false"
    },
    {
      "filePath": "\/Users\/hetzner\/buildAgent\/work\/81778e30852256d6\/HybridlocSDK\/Sources\/Encryption\/DigitalKeysEncryptor.swift",
      "kind": "StringLiteral",
      "offset": 1237,
      "length": 14,
      "value": "\"symmetricKey\""
    },
    {
      "filePath": "\/Users\/hetzner\/buildAgent\/work\/81778e30852256d6\/HybridlocSDK\/Sources\/Encryption\/DigitalKeysEncryptor.swift",
      "kind": "BooleanLiteral",
      "offset": 3849,
      "length": 4,
      "value": "true"
    },
    {
      "filePath": "\/Users\/hetzner\/buildAgent\/work\/81778e30852256d6\/HybridlocSDK\/Sources\/Encryption\/DigitalKeysEncryptor.swift",
      "kind": "BooleanLiteral",
      "offset": 3891,
      "length": 5,
      "value": "false"
    },
    {
      "filePath": "\/Users\/hetzner\/buildAgent\/work\/81778e30852256d6\/HybridlocSDK\/Sources\/DigitalKeysService\/DigitalKeysServiceError.swift",
      "kind": "StringLiteral",
      "offset": 662,
      "length": 17,
      "value": "\"keyStoringError\""
    },
    {
      "filePath": "\/Users\/hetzner\/buildAgent\/work\/81778e30852256d6\/HybridlocSDK\/Sources\/DigitalKeysService\/DigitalKeysServiceError.swift",
      "kind": "StringLiteral",
      "offset": 730,
      "length": 17,
      "value": "\"keyReadingError\""
    },
    {
      "filePath": "\/Users\/hetzner\/buildAgent\/work\/81778e30852256d6\/HybridlocSDK\/Sources\/DigitalKeysService\/DigitalKeysServiceError.swift",
      "kind": "StringLiteral",
      "offset": 800,
      "length": 19,
      "value": "\"jsonDecodingError\""
    },
    {
      "filePath": "\/Users\/hetzner\/buildAgent\/work\/81778e30852256d6\/HybridlocSDK\/Sources\/DigitalKeysService\/DigitalKeysServiceError.swift",
      "kind": "StringLiteral",
      "offset": 872,
      "length": 19,
      "value": "\"jsonEncodingError\""
    },
    {
      "filePath": "\/Users\/hetzner\/buildAgent\/work\/81778e30852256d6\/HybridlocSDK\/Sources\/DigitalKeysService\/DigitalKeysServiceError.swift",
      "kind": "StringLiteral",
      "offset": 954,
      "length": 29,
      "value": "\"jsonToStringConversionError\""
    },
    {
      "filePath": "\/Users\/hetzner\/buildAgent\/work\/81778e30852256d6\/HybridlocSDK\/Sources\/DigitalKeysService\/DigitalKeysServiceError.swift",
      "kind": "StringLiteral",
      "offset": 1041,
      "length": 24,
      "value": "\"encryptionServiceError\""
    },
    {
      "filePath": "\/Users\/hetzner\/buildAgent\/work\/81778e30852256d6\/HybridlocSDK\/Sources\/DigitalKeysService\/DigitalKeysServiceError.swift",
      "kind": "StringLiteral",
      "offset": 1112,
      "length": 13,
      "value": "\"expiredKeys\""
    },
    {
      "filePath": "\/Users\/hetzner\/buildAgent\/work\/81778e30852256d6\/HybridlocSDK\/Sources\/DigitalKeysService\/DigitalKeysServiceError.swift",
      "kind": "StringLiteral",
      "offset": 1317,
      "length": 13,
      "value": "\"\""
    },
    {
      "filePath": "\/Users\/hetzner\/buildAgent\/work\/81778e30852256d6\/HybridlocSDK\/Sources\/DigitalKeysService\/DigitalKeysServiceError.swift",
      "kind": "StringLiteral",
      "offset": 1329,
      "length": 6,
      "value": "\"\""
    },
    {
      "filePath": "\/Users\/hetzner\/buildAgent\/work\/81778e30852256d6\/HybridlocSDK\/Sources\/DigitalKeysService\/DigitalKeysServiceError.swift",
      "kind": "StringLiteral",
      "offset": 1334,
      "length": 13,
      "value": "\"\""
    },
    {
      "filePath": "\/Users\/hetzner\/buildAgent\/work\/81778e30852256d6\/HybridlocSDK\/Sources\/DigitalKeysService\/DigitalKeysServiceError.swift",
      "kind": "StringLiteral",
      "offset": 1346,
      "length": 1,
      "value": "\"\""
    },
    {
      "filePath": "\/Users\/hetzner\/buildAgent\/work\/81778e30852256d6\/HybridlocSDK\/Sources\/DigitalKeysService\/DigitalKeysServiceError.swift",
      "kind": "StringLiteral",
      "offset": 1442,
      "length": 13,
      "value": "\"\""
    },
    {
      "filePath": "\/Users\/hetzner\/buildAgent\/work\/81778e30852256d6\/HybridlocSDK\/Sources\/DigitalKeysService\/DigitalKeysServiceError.swift",
      "kind": "StringLiteral",
      "offset": 1454,
      "length": 6,
      "value": "\"\""
    },
    {
      "filePath": "\/Users\/hetzner\/buildAgent\/work\/81778e30852256d6\/HybridlocSDK\/Sources\/DigitalKeysService\/DigitalKeysServiceError.swift",
      "kind": "StringLiteral",
      "offset": 1459,
      "length": 13,
      "value": "\"\""
    },
    {
      "filePath": "\/Users\/hetzner\/buildAgent\/work\/81778e30852256d6\/HybridlocSDK\/Sources\/DigitalKeysService\/DigitalKeysServiceError.swift",
      "kind": "StringLiteral",
      "offset": 1471,
      "length": 1,
      "value": "\"\""
    },
    {
      "filePath": "\/Users\/hetzner\/buildAgent\/work\/81778e30852256d6\/HybridlocSDK\/Sources\/DigitalKeysService\/DigitalKeysServiceError.swift",
      "kind": "StringLiteral",
      "offset": 1571,
      "length": 13,
      "value": "\"\""
    },
    {
      "filePath": "\/Users\/hetzner\/buildAgent\/work\/81778e30852256d6\/HybridlocSDK\/Sources\/DigitalKeysService\/DigitalKeysServiceError.swift",
      "kind": "StringLiteral",
      "offset": 1583,
      "length": 6,
      "value": "\"\""
    },
    {
      "filePath": "\/Users\/hetzner\/buildAgent\/work\/81778e30852256d6\/HybridlocSDK\/Sources\/DigitalKeysService\/DigitalKeysServiceError.swift",
      "kind": "StringLiteral",
      "offset": 1588,
      "length": 13,
      "value": "\"\""
    },
    {
      "filePath": "\/Users\/hetzner\/buildAgent\/work\/81778e30852256d6\/HybridlocSDK\/Sources\/DigitalKeysService\/DigitalKeysServiceError.swift",
      "kind": "StringLiteral",
      "offset": 1600,
      "length": 1,
      "value": "\"\""
    },
    {
      "filePath": "\/Users\/hetzner\/buildAgent\/work\/81778e30852256d6\/HybridlocSDK\/Sources\/DigitalKeysService\/DigitalKeysServiceError.swift",
      "kind": "StringLiteral",
      "offset": 1700,
      "length": 13,
      "value": "\"\""
    },
    {
      "filePath": "\/Users\/hetzner\/buildAgent\/work\/81778e30852256d6\/HybridlocSDK\/Sources\/DigitalKeysService\/DigitalKeysServiceError.swift",
      "kind": "StringLiteral",
      "offset": 1712,
      "length": 6,
      "value": "\"\""
    },
    {
      "filePath": "\/Users\/hetzner\/buildAgent\/work\/81778e30852256d6\/HybridlocSDK\/Sources\/DigitalKeysService\/DigitalKeysServiceError.swift",
      "kind": "StringLiteral",
      "offset": 1717,
      "length": 13,
      "value": "\"\""
    },
    {
      "filePath": "\/Users\/hetzner\/buildAgent\/work\/81778e30852256d6\/HybridlocSDK\/Sources\/DigitalKeysService\/DigitalKeysServiceError.swift",
      "kind": "StringLiteral",
      "offset": 1729,
      "length": 1,
      "value": "\"\""
    },
    {
      "filePath": "\/Users\/hetzner\/buildAgent\/work\/81778e30852256d6\/HybridlocSDK\/Sources\/DigitalKeysService\/DigitalKeysServiceError.swift",
      "kind": "BooleanLiteral",
      "offset": 1825,
      "length": 4,
      "value": "true"
    },
    {
      "filePath": "\/Users\/hetzner\/buildAgent\/work\/81778e30852256d6\/HybridlocSDK\/Sources\/DigitalKeysService\/DigitalKeysServiceError.swift",
      "kind": "BooleanLiteral",
      "offset": 1914,
      "length": 4,
      "value": "true"
    },
    {
      "filePath": "\/Users\/hetzner\/buildAgent\/work\/81778e30852256d6\/HybridlocSDK\/Sources\/DigitalKeysService\/DigitalKeysServiceError.swift",
      "kind": "BooleanLiteral",
      "offset": 1981,
      "length": 4,
      "value": "true"
    },
    {
      "filePath": "\/Users\/hetzner\/buildAgent\/work\/81778e30852256d6\/HybridlocSDK\/Sources\/DigitalKeysService\/DigitalKeysServiceError.swift",
      "kind": "BooleanLiteral",
      "offset": 2022,
      "length": 5,
      "value": "false"
    },
    {
      "filePath": "\/Users\/hetzner\/buildAgent\/work\/81778e30852256d6\/HybridlocSDK\/Sources\/DigitalKeysService\/DigitalKeysStorageError.swift",
      "kind": "StringLiteral",
      "offset": 500,
      "length": 14,
      "value": "\"writingError\""
    },
    {
      "filePath": "\/Users\/hetzner\/buildAgent\/work\/81778e30852256d6\/HybridlocSDK\/Sources\/DigitalKeysService\/DigitalKeysStorageError.swift",
      "kind": "StringLiteral",
      "offset": 621,
      "length": 14,
      "value": "\"readingError\""
    },
    {
      "filePath": "\/Users\/hetzner\/buildAgent\/work\/81778e30852256d6\/HybridlocSDK\/Sources\/DigitalKeysService\/DigitalKeysStorageError.swift",
      "kind": "StringLiteral",
      "offset": 821,
      "length": 13,
      "value": "\"\""
    },
    {
      "filePath": "\/Users\/hetzner\/buildAgent\/work\/81778e30852256d6\/HybridlocSDK\/Sources\/DigitalKeysService\/DigitalKeysStorageError.swift",
      "kind": "StringLiteral",
      "offset": 833,
      "length": 6,
      "value": "\"\""
    },
    {
      "filePath": "\/Users\/hetzner\/buildAgent\/work\/81778e30852256d6\/HybridlocSDK\/Sources\/DigitalKeysService\/DigitalKeysStorageError.swift",
      "kind": "StringLiteral",
      "offset": 838,
      "length": 13,
      "value": "\"\""
    },
    {
      "filePath": "\/Users\/hetzner\/buildAgent\/work\/81778e30852256d6\/HybridlocSDK\/Sources\/DigitalKeysService\/DigitalKeysStorageError.swift",
      "kind": "StringLiteral",
      "offset": 850,
      "length": 1,
      "value": "\"\""
    },
    {
      "filePath": "\/Users\/hetzner\/buildAgent\/work\/81778e30852256d6\/HybridlocSDK\/Sources\/DigitalKeysService\/DigitalKeysStorageError.swift",
      "kind": "StringLiteral",
      "offset": 940,
      "length": 13,
      "value": "\"\""
    },
    {
      "filePath": "\/Users\/hetzner\/buildAgent\/work\/81778e30852256d6\/HybridlocSDK\/Sources\/DigitalKeysService\/DigitalKeysStorageError.swift",
      "kind": "StringLiteral",
      "offset": 952,
      "length": 6,
      "value": "\"\""
    },
    {
      "filePath": "\/Users\/hetzner\/buildAgent\/work\/81778e30852256d6\/HybridlocSDK\/Sources\/DigitalKeysService\/DigitalKeysStorageError.swift",
      "kind": "StringLiteral",
      "offset": 957,
      "length": 13,
      "value": "\"\""
    },
    {
      "filePath": "\/Users\/hetzner\/buildAgent\/work\/81778e30852256d6\/HybridlocSDK\/Sources\/DigitalKeysService\/DigitalKeysStorageError.swift",
      "kind": "StringLiteral",
      "offset": 969,
      "length": 1,
      "value": "\"\""
    },
    {
      "filePath": "\/Users\/hetzner\/buildAgent\/work\/81778e30852256d6\/HybridlocSDK\/Sources\/DigitalKeysService\/DigitalKeysStorageError.swift",
      "kind": "BooleanLiteral",
      "offset": 1007,
      "length": 5,
      "value": "false"
    },
    {
      "filePath": "\/Users\/hetzner\/buildAgent\/work\/81778e30852256d6\/HybridlocSDK\/Sources\/Remote\/DigitalLockApiClient.swift",
      "kind": "StringLiteral",
      "offset": 878,
      "length": 81,
      "value": "\"https:\/\/wanzldd.b2clogin.com\/wanzldd.onmicrosoft.com\/B2C_1_SI\/oauth2\/v2.0\/token\""
    },
    {
      "filePath": "\/Users\/hetzner\/buildAgent\/work\/81778e30852256d6\/HybridlocSDK\/Sources\/Remote\/DigitalLockApiClient.swift",
      "kind": "StringLiteral",
      "offset": 1037,
      "length": 51,
      "value": "\"https:\/\/wanzldd.onmicrosoft.com\/dlapidev\/.default\""
    },
    {
      "filePath": "\/Users\/hetzner\/buildAgent\/work\/81778e30852256d6\/HybridlocSDK\/Sources\/Remote\/DigitalLockApiClient.swift",
      "kind": "StringLiteral",
      "offset": 1174,
      "length": 20,
      "value": "\"client_credentials\""
    },
    {
      "filePath": "\/Users\/hetzner\/buildAgent\/work\/81778e30852256d6\/HybridlocSDK\/Sources\/Remote\/DigitalLockApiClient.swift",
      "kind": "StringLiteral",
      "offset": 1295,
      "length": 53,
      "value": "\"https:\/\/digital-lock-web-app.azurewebsites.net\/api\/\""
    },
    {
      "filePath": "\/Users\/hetzner\/buildAgent\/work\/81778e30852256d6\/HybridlocSDK\/Sources\/Remote\/DigitalLockApiClient.swift",
      "kind": "StringLiteral",
      "offset": 1524,
      "length": 2,
      "value": "\"\""
    },
    {
      "filePath": "\/Users\/hetzner\/buildAgent\/work\/81778e30852256d6\/HybridlocSDK\/Sources\/Remote\/DigitalLockApiClient.swift",
      "kind": "StringLiteral",
      "offset": 1606,
      "length": 2,
      "value": "\"\""
    },
    {
      "filePath": "\/Users\/hetzner\/buildAgent\/work\/81778e30852256d6\/HybridlocSDK\/Sources\/Remote\/DigitalLockApiClient.swift",
      "kind": "StringLiteral",
      "offset": 1727,
      "length": 2,
      "value": "\"\""
    },
    {
      "filePath": "\/Users\/hetzner\/buildAgent\/work\/81778e30852256d6\/HybridlocSDK\/Sources\/Remote\/DigitalLockApiClient.swift",
      "kind": "StringLiteral",
      "offset": 2482,
      "length": 9,
      "value": "\"Bearer \""
    },
    {
      "filePath": "\/Users\/hetzner\/buildAgent\/work\/81778e30852256d6\/HybridlocSDK\/Sources\/Remote\/DigitalLockApiClient.swift",
      "kind": "StringLiteral",
      "offset": 2523,
      "length": 28,
      "value": "\"Successfully authenticated\""
    },
    {
      "filePath": "\/Users\/hetzner\/buildAgent\/work\/81778e30852256d6\/HybridlocSDK\/Sources\/Remote\/DigitalLockApiClient.swift",
      "kind": "StringLiteral",
      "offset": 2930,
      "length": 28,
      "value": "\"Successfully received keys\""
    },
    {
      "filePath": "\/Users\/hetzner\/buildAgent\/work\/81778e30852256d6\/HybridlocSDK\/Sources\/Remote\/DigitalLockApiClient.swift",
      "kind": "StringLiteral",
      "offset": 3063,
      "length": 32,
      "value": "\"Unable to get keys from remote\""
    },
    {
      "filePath": "\/Users\/hetzner\/buildAgent\/work\/81778e30852256d6\/HybridlocSDK\/Sources\/Remote\/DigitalLockApiClient.swift",
      "kind": "StringLiteral",
      "offset": 3200,
      "length": 23,
      "value": "\"Failed authenticating\""
    },
    {
      "filePath": "\/Users\/hetzner\/buildAgent\/work\/81778e30852256d6\/HybridlocSDK\/Sources\/Remote\/DigitalLockApiClient.swift",
      "kind": "StringLiteral",
      "offset": 4509,
      "length": 23,
      "value": "\"access token is empty\""
    },
    {
      "filePath": "\/Users\/hetzner\/buildAgent\/work\/81778e30852256d6\/HybridlocSDK\/Sources\/Remote\/DigitalLockApiClient.swift",
      "kind": "StringLiteral",
      "offset": 5222,
      "length": 31,
      "value": "\"Bad baseUrl: \""
    },
    {
      "filePath": "\/Users\/hetzner\/buildAgent\/work\/81778e30852256d6\/HybridlocSDK\/Sources\/Remote\/DigitalLockApiClient.swift",
      "kind": "StringLiteral",
      "offset": 5252,
      "length": 2,
      "value": "\"\""
    },
    {
      "filePath": "\/Users\/hetzner\/buildAgent\/work\/81778e30852256d6\/HybridlocSDK\/Sources\/Remote\/DigitalLockApiClient.swift",
      "kind": "StringLiteral",
      "offset": 5433,
      "length": 43,
      "value": "\"Bad resourceName: \""
    },
    {
      "filePath": "\/Users\/hetzner\/buildAgent\/work\/81778e30852256d6\/HybridlocSDK\/Sources\/Remote\/DigitalLockApiClient.swift",
      "kind": "StringLiteral",
      "offset": 5475,
      "length": 2,
      "value": "\"\""
    },
    {
      "filePath": "\/Users\/hetzner\/buildAgent\/work\/81778e30852256d6\/HybridlocSDK\/Sources\/Remote\/DigitalLockApiClient.swift",
      "kind": "BooleanLiteral",
      "offset": 5620,
      "length": 4,
      "value": "true"
    },
    {
      "filePath": "\/Users\/hetzner\/buildAgent\/work\/81778e30852256d6\/HybridlocSDK\/Sources\/Remote\/DigitalLockApiClient.swift",
      "kind": "StringLiteral",
      "offset": 5656,
      "length": 21,
      "value": "\"Bad url: \""
    },
    {
      "filePath": "\/Users\/hetzner\/buildAgent\/work\/81778e30852256d6\/HybridlocSDK\/Sources\/Remote\/DigitalLockApiClient.swift",
      "kind": "StringLiteral",
      "offset": 5676,
      "length": 2,
      "value": "\"\""
    },
    {
      "filePath": "\/Users\/hetzner\/buildAgent\/work\/81778e30852256d6\/HybridlocSDK\/Sources\/Remote\/DigitalLockApiClient.swift",
      "kind": "StringLiteral",
      "offset": 6396,
      "length": 15,
      "value": "\"authorization\""
    },
    {
      "filePath": "\/Users\/hetzner\/buildAgent\/work\/81778e30852256d6\/HybridlocSDK\/Sources\/Remote\/DigitalLockApiClient.swift",
      "kind": "StringLiteral",
      "offset": 6442,
      "length": 18,
      "value": "\"application\/json\""
    },
    {
      "filePath": "\/Users\/hetzner\/buildAgent\/work\/81778e30852256d6\/HybridlocSDK\/Sources\/Remote\/DigitalLockApiClient.swift",
      "kind": "StringLiteral",
      "offset": 6482,
      "length": 8,
      "value": "\"accept\""
    },
    {
      "filePath": "\/Users\/hetzner\/buildAgent\/work\/81778e30852256d6\/HybridlocSDK\/Sources\/Remote\/DigitalLockApiClient.swift",
      "kind": "IntegerLiteral",
      "offset": 6999,
      "length": 3,
      "value": "200"
    },
    {
      "filePath": "\/Users\/hetzner\/buildAgent\/work\/81778e30852256d6\/HybridlocSDK\/Sources\/Remote\/DigitalLockApiClient.swift",
      "kind": "IntegerLiteral",
      "offset": 7479,
      "length": 3,
      "value": "400"
    },
    {
      "filePath": "\/Users\/hetzner\/buildAgent\/work\/81778e30852256d6\/HybridlocSDK\/Sources\/Remote\/DigitalLockApiClient.swift",
      "kind": "IntegerLiteral",
      "offset": 7546,
      "length": 3,
      "value": "500"
    },
    {
      "filePath": "\/Users\/hetzner\/buildAgent\/work\/81778e30852256d6\/HybridlocSDK\/Sources\/Remote\/DigitalLockApiClient.swift",
      "kind": "IntegerLiteral",
      "offset": 7622,
      "length": 3,
      "value": "401"
    },
    {
      "filePath": "\/Users\/hetzner\/buildAgent\/work\/81778e30852256d6\/HybridlocSDK\/Sources\/Remote\/DigitalLockApiClient.swift",
      "kind": "StringLiteral",
      "offset": 7673,
      "length": 5,
      "value": "\"401\""
    },
    {
      "filePath": "\/Users\/hetzner\/buildAgent\/work\/81778e30852256d6\/HybridlocSDK\/Sources\/Local\/DeviceStorageManager\/DeviceStorageManager.swift",
      "kind": "BooleanLiteral",
      "offset": 1477,
      "length": 4,
      "value": "true"
    },
    {
      "filePath": "\/Users\/hetzner\/buildAgent\/work\/81778e30852256d6\/HybridlocSDK\/Sources\/Local\/DeviceStorageManager\/DeviceStorageManager.swift",
      "kind": "StringLiteral",
      "offset": 1593,
      "length": 6,
      "value": "\"data\""
    },
    {
      "filePath": "\/Users\/hetzner\/buildAgent\/work\/81778e30852256d6\/HybridlocSDK\/Sources\/Remote\/Requests\/AuthenticateRequest.swift",
      "kind": "StringLiteral",
      "offset": 388,
      "length": 6,
      "value": "\"POST\""
    },
    {
      "filePath": "\/Users\/hetzner\/buildAgent\/work\/81778e30852256d6\/HybridlocSDK\/Sources\/Remote\/Requests\/AuthenticateRequest.swift",
      "kind": "StringLiteral",
      "offset": 490,
      "length": 2,
      "value": "\"\""
    },
    {
      "filePath": "\/Users\/hetzner\/buildAgent\/work\/81778e30852256d6\/HybridlocSDK\/Sources\/Remote\/Requests\/AuthenticateRequest.swift",
      "kind": "StringLiteral",
      "offset": 935,
      "length": 7,
      "value": "\"scope\""
    },
    {
      "filePath": "\/Users\/hetzner\/buildAgent\/work\/81778e30852256d6\/HybridlocSDK\/Sources\/Remote\/Requests\/AuthenticateRequest.swift",
      "kind": "StringLiteral",
      "offset": 983,
      "length": 12,
      "value": "\"grant_type\""
    },
    {
      "filePath": "\/Users\/hetzner\/buildAgent\/work\/81778e30852256d6\/HybridlocSDK\/Sources\/Remote\/Requests\/AuthenticateRequest.swift",
      "kind": "StringLiteral",
      "offset": 1040,
      "length": 11,
      "value": "\"client_id\""
    },
    {
      "filePath": "\/Users\/hetzner\/buildAgent\/work\/81778e30852256d6\/HybridlocSDK\/Sources\/Remote\/Requests\/AuthenticateRequest.swift",
      "kind": "StringLiteral",
      "offset": 1095,
      "length": 15,
      "value": "\"client_secret\""
    },
    {
      "filePath": "\/Users\/hetzner\/buildAgent\/work\/81778e30852256d6\/HybridlocSDK\/Sources\/Remote\/Requests\/DigitalKeysRequest.swift",
      "kind": "StringLiteral",
      "offset": 374,
      "length": 5,
      "value": "\"GET\""
    },
    {
      "filePath": "\/Users\/hetzner\/buildAgent\/work\/81778e30852256d6\/HybridlocSDK\/Sources\/Remote\/Requests\/DigitalKeysRequest.swift",
      "kind": "StringLiteral",
      "offset": 464,
      "length": 12,
      "value": "\"DigitalKey\""
    },
    {
      "filePath": "\/Users\/hetzner\/buildAgent\/work\/81778e30852256d6\/HybridlocSDK\/Sources\/Remote\/Requests\/DigitalKeysRequest.swift",
      "kind": "StringLiteral",
      "offset": 722,
      "length": 6,
      "value": "\"0815\""
    },
    {
      "filePath": "\/Users\/hetzner\/buildAgent\/work\/81778e30852256d6\/HybridlocSDK\/Sources\/Remote\/Requests\/DigitalKeysRequest.swift",
      "kind": "StringLiteral",
      "offset": 906,
      "length": 13,
      "value": "\"api-version\""
    },
    {
      "filePath": "\/Users\/hetzner\/buildAgent\/work\/81778e30852256d6\/HybridlocSDK\/Sources\/Remote\/Requests\/DigitalKeysRequest.swift",
      "kind": "StringLiteral",
      "offset": 928,
      "length": 5,
      "value": "\"2.0\""
    },
    {
      "filePath": "\/Users\/hetzner\/buildAgent\/work\/81778e30852256d6\/HybridlocSDK\/Sources\/Remote\/Requests\/DigitalKeysRequest.swift",
      "kind": "StringLiteral",
      "offset": 960,
      "length": 16,
      "value": "\"externalUserId\""
    },
    {
      "filePath": "\/Users\/hetzner\/buildAgent\/work\/81778e30852256d6\/HybridlocSDK\/Sources\/DigitalKeysService\/DigitalKeysService.swift",
      "kind": "BooleanLiteral",
      "offset": 4057,
      "length": 5,
      "value": "false"
    },
    {
      "filePath": "\/Users\/hetzner\/buildAgent\/work\/81778e30852256d6\/HybridlocSDK\/Sources\/DigitalKeysService\/DigitalKeysService.swift",
      "kind": "StringLiteral",
      "offset": 4315,
      "length": 3,
      "value": "\"0\""
    },
    {
      "filePath": "\/Users\/hetzner\/buildAgent\/work\/81778e30852256d6\/HybridlocSDK\/Sources\/DigitalKeysService\/DigitalKeysService.swift",
      "kind": "IntegerLiteral",
      "offset": 4323,
      "length": 1,
      "value": "0"
    },
    {
      "filePath": "\/Users\/hetzner\/buildAgent\/work\/81778e30852256d6\/HybridlocSDK\/Sources\/DigitalKeysService\/DigitalKeysService.swift",
      "kind": "IntegerLiteral",
      "offset": 4400,
      "length": 1,
      "value": "0"
    },
    {
      "filePath": "\/Users\/hetzner\/buildAgent\/work\/81778e30852256d6\/HybridlocSDK\/Sources\/DigitalKeysService\/DigitalKeysService.swift",
      "kind": "BooleanLiteral",
      "offset": 4423,
      "length": 5,
      "value": "false"
    },
    {
      "filePath": "\/Users\/hetzner\/buildAgent\/work\/81778e30852256d6\/HybridlocSDK\/Sources\/DigitalKeysService\/DigitalKeysService.swift",
      "kind": "BooleanLiteral",
      "offset": 4454,
      "length": 4,
      "value": "true"
    },
    {
      "filePath": "\/Users\/hetzner\/buildAgent\/work\/81778e30852256d6\/HybridlocSDK\/Sources\/NfcService\/NfcService.swift",
      "kind": "IntegerLiteral",
      "offset": 1482,
      "length": 4,
      "value": "2000"
    },
    {
      "filePath": "\/Users\/hetzner\/buildAgent\/work\/81778e30852256d6\/HybridlocSDK\/Sources\/NfcService\/NfcService.swift",
      "kind": "BooleanLiteral",
      "offset": 2635,
      "length": 5,
      "value": "false"
    },
    {
      "filePath": "\/Users\/hetzner\/buildAgent\/work\/81778e30852256d6\/HybridlocSDK\/Sources\/NfcService\/NfcService.swift",
      "kind": "StringLiteral",
      "offset": 3390,
      "length": 30,
      "value": "\"error is not NfcServiceError\""
    },
    {
      "filePath": "\/Users\/hetzner\/buildAgent\/work\/81778e30852256d6\/HybridlocSDK\/Sources\/NfcService\/NfcService.swift",
      "kind": "BooleanLiteral",
      "offset": 4694,
      "length": 5,
      "value": "false"
    },
    {
      "filePath": "\/Users\/hetzner\/buildAgent\/work\/81778e30852256d6\/HybridlocSDK\/Sources\/NfcService\/NfcService.swift",
      "kind": "BooleanLiteral",
      "offset": 4806,
      "length": 4,
      "value": "true"
    },
    {
      "filePath": "\/Users\/hetzner\/buildAgent\/work\/81778e30852256d6\/HybridlocSDK\/Sources\/NfcService\/NfcService.swift",
      "kind": "StringLiteral",
      "offset": 1217,
      "length": 10,
      "value": "\"HybridlocSDK.NfcService\""
    },
    {
      "filePath": "\/Users\/hetzner\/buildAgent\/work\/81778e30852256d6\/HybridlocSDK\/Sources\/NfcService\/NfcService.swift",
      "kind": "BooleanLiteral",
      "offset": 5132,
      "length": 5,
      "value": "false"
    },
    {
      "filePath": "\/Users\/hetzner\/buildAgent\/work\/81778e30852256d6\/HybridlocSDK\/Sources\/NfcService\/NfcService.swift",
      "kind": "BooleanLiteral",
      "offset": 5254,
      "length": 5,
      "value": "false"
    },
    {
      "filePath": "\/Users\/hetzner\/buildAgent\/work\/81778e30852256d6\/HybridlocSDK\/Sources\/NfcService\/NfcService.swift",
      "kind": "BooleanLiteral",
      "offset": 5405,
      "length": 5,
      "value": "false"
    },
    {
      "filePath": "\/Users\/hetzner\/buildAgent\/work\/81778e30852256d6\/HybridlocSDK\/Sources\/NfcService\/NfcService.swift",
      "kind": "StringLiteral",
      "offset": 8455,
      "length": 2,
      "value": "\"\""
    },
    {
      "filePath": "\/Users\/hetzner\/buildAgent\/work\/81778e30852256d6\/HybridlocSDK\/Sources\/NfcService\/NfcService.swift",
      "kind": "BooleanLiteral",
      "offset": 8606,
      "length": 4,
      "value": "true"
    }
  ]
}